{
    "name": "DF_GRM4_DELTA_TO_PARQ_TRAIN",
    "properties": {
        "folder": {
            "name": "CapstonePRJ/GRM4"
        },
        "type": "MappingDataFlow",
        "typeProperties": {
            "sources": [
                {
                    "linkedService": {
                        "referenceName": "AzureDataLakeStorage1",
                        "type": "LinkedServiceReference"
                    },
                    "name": "source1"
                }
            ],
            "sinks": [
                {
                    "dataset": {
                        "referenceName": "GRM4_DT_T_TRAINING_FINALE",
                        "type": "DatasetReference"
                    },
                    "name": "sink1"
                }
            ],
            "transformations": [],
            "scriptLines": [
                "source(allowSchemaDrift: true,",
                "     validateSchema: false,",
                "     ignoreNoFilesFound: false,",
                "     format: 'delta',",
                "     fileSystem: 'studenti-container',",
                "     folderPath: 'esempio/GRM4DELTATRAINING4') ~> source1",
                "source1 sink(allowSchemaDrift: true,",
                "     validateSchema: false,",
                "     input(",
                "          YEAR_COD as integer,",
                "          COMPANY_COD as string,",
                "          TRAINING_COD as string,",
                "          VENDOR_COD as string,",
                "          SESSION_TAG as integer",
                "     ),",
                "     format: 'parquet',",
                "     truncate: true,",
                "     umask: 0022,",
                "     preCommands: [],",
                "     postCommands: [],",
                "     skipDuplicateMapInputs: true,",
                "     skipDuplicateMapOutputs: true) ~> sink1"
            ]
        }
    }
}