{
    "name": "DF_GRM4_F_KPI_DWA",
    "properties": {
        "folder": {
            "name": "CapstonePRJ/GRM4"
        },
        "type": "MappingDataFlow",
        "typeProperties": {
            "sources": [
                {
                    "dataset": {
                        "referenceName": "GRM4_DT_ODS_SRC_FATTURATO",
                        "type": "DatasetReference"
                    },
                    "name": "source1"
                },
                {
                    "dataset": {
                        "referenceName": "GRM4_DT_D_COMPANY_DWA",
                        "type": "DatasetReference"
                    },
                    "name": "source2"
                },
                {
                    "dataset": {
                        "referenceName": "GRM4_DT_DIM_GRUPPO_MERCI_DWA",
                        "type": "DatasetReference"
                    },
                    "name": "source3"
                },
                {
                    "dataset": {
                        "referenceName": "GRM4_FINALE_FORNITORI",
                        "type": "DatasetReference"
                    },
                    "name": "source4"
                },
                {
                    "dataset": {
                        "referenceName": "DT_GRM4_WT_TASSI_CAMBIO2",
                        "type": "DatasetReference"
                    },
                    "name": "source5"
                }
            ],
            "sinks": [
                {
                    "dataset": {
                        "referenceName": "GRM4_FINALISSIMO_DT_F_KPI_DWA",
                        "type": "DatasetReference"
                    },
                    "name": "sink1"
                }
            ],
            "transformations": [
                {
                    "name": "SESSIONTAG"
                },
                {
                    "name": "VALORINULLDATECOD"
                },
                {
                    "name": "VALORINULLFATTURATO"
                },
                {
                    "name": "filter1"
                },
                {
                    "name": "select1"
                },
                {
                    "name": "join1"
                },
                {
                    "name": "COALESCE"
                },
                {
                    "name": "select2"
                },
                {
                    "name": "join2"
                },
                {
                    "name": "COALESCE2"
                },
                {
                    "name": "select3"
                },
                {
                    "name": "join3"
                },
                {
                    "name": "COLAESCEFORN"
                },
                {
                    "name": "select4"
                },
                {
                    "name": "join4"
                },
                {
                    "name": "select5"
                },
                {
                    "name": "derivedColumn2"
                },
                {
                    "name": "select6"
                }
            ],
            "scriptLines": [
                "parameters{",
                "     SESSION_TAG as integer,",
                "     DATA_VALIDITA_DA as integer,",
                "     DATA_VALIDITA_A as integer",
                "}",
                "source(output(",
                "          COMPANY_COD as string,",
                "          DATE_COD as integer,",
                "          MATERIAL_GROUP_COD as string,",
                "          AMOUNT_LC as integer,",
                "          VENDOR_COD as string",
                "     ),",
                "     allowSchemaDrift: true,",
                "     validateSchema: false,",
                "     ignoreNoFilesFound: false,",
                "     format: 'parquet') ~> source1",
                "source(output(",
                "          COMPANY_COD as string,",
                "          COMPANY_DES as string,",
                "          CURRENCY_COD as string,",
                "          COUNTRY_COD as string,",
                "          SESSION_TAG as integer",
                "     ),",
                "     allowSchemaDrift: true,",
                "     validateSchema: false,",
                "     ignoreNoFilesFound: false,",
                "     format: 'parquet') ~> source2",
                "source(output(",
                "          MATERIAL_GROUP_COD as string,",
                "          MATERIAL_GROUP_DES as string,",
                "          SESSION_TAG as integer",
                "     ),",
                "     allowSchemaDrift: true,",
                "     validateSchema: false,",
                "     ignoreNoFilesFound: false,",
                "     format: 'parquet') ~> source3",
                "source(output(",
                "          KEY_VENDOR as long,",
                "          VENDOR_COD as string,",
                "          VENDOR_DES as string,",
                "          GROUP_LEADER_COD as string,",
                "          ADDRESS_DES as string,",
                "          SESSION_TAG as integer,",
                "          FLAG_ATTIVO as string,",
                "          DATA_VALIDITA_DA as integer,",
                "          DATA_VALIDITA_A as integer",
                "     ),",
                "     allowSchemaDrift: true,",
                "     validateSchema: false,",
                "     ignoreNoFilesFound: false,",
                "     format: 'parquet') ~> source4",
                "source(output(",
                "          CURRENCY_COD as string,",
                "          PERIOD_COD as integer,",
                "          KEY_TASSI_CAMBIO as string,",
                "          EXCHANGE_RATE as double,",
                "          SESSION_TAG as string",
                "     ),",
                "     allowSchemaDrift: true,",
                "     validateSchema: false,",
                "     ignoreNoFilesFound: false,",
                "     format: 'parquet') ~> source5",
                "filter1 derive(SESSION_TAG = $SESSION_TAG) ~> SESSIONTAG",
                "SESSIONTAG filter(isNull(DATE_COD) == false()) ~> VALORINULLDATECOD",
                "VALORINULLDATECOD filter(isNull(AMOUNT_LC) == false()) ~> VALORINULLFATTURATO",
                "source1 filter(between(DATE_COD, $DATA_VALIDITA_DA, $DATA_VALIDITA_A)) ~> filter1",
                "VALORINULLFATTURATO select(mapColumn(",
                "          COMPANY_COD,",
                "          DATE_COD,",
                "          MATERIAL_GROUP_COD,",
                "          AMOUNT_LC,",
                "          VENDOR_COD,",
                "          SESSION_TAG",
                "     ),",
                "     skipDuplicateMapInputs: true,",
                "     skipDuplicateMapOutputs: true) ~> select1",
                "select1, source2 join(select1@COMPANY_COD == source2@COMPANY_COD,",
                "     joinType:'left',",
                "     matchType:'exact',",
                "     ignoreSpaces: false,",
                "     broadcast: 'auto')~> join1",
                "join1 derive(COMPANY_COD = coalesce(source2@COMPANY_COD, '-1')) ~> COALESCE",
                "COALESCE select(mapColumn(",
                "          COMPANY_COD,",
                "          DATE_COD,",
                "          MATERIAL_GROUP_COD,",
                "          AMOUNT_LC,",
                "          VENDOR_COD,",
                "          SESSION_TAG = select1@SESSION_TAG,",
                "          CURRENCY_COD",
                "     ),",
                "     skipDuplicateMapInputs: true,",
                "     skipDuplicateMapOutputs: true) ~> select2",
                "select2, source3 join(select2@MATERIAL_GROUP_COD == source3@MATERIAL_GROUP_COD,",
                "     joinType:'left',",
                "     matchType:'exact',",
                "     ignoreSpaces: false,",
                "     broadcast: 'auto')~> join2",
                "join2 derive(MATERIAL_GROUP_COD = coalesce(source3@MATERIAL_GROUP_COD, '-1')) ~> COALESCE2",
                "COALESCE2 select(mapColumn(",
                "          COMPANY_COD,",
                "          DATE_COD,",
                "          MATERIAL_GROUP_COD,",
                "          AMOUNT_LC,",
                "          VENDOR_COD,",
                "          SESSION_TAG = select2@SESSION_TAG,",
                "          CURRENCY_COD",
                "     ),",
                "     skipDuplicateMapInputs: true,",
                "     skipDuplicateMapOutputs: true) ~> select3",
                "select3, source4 join(select3@VENDOR_COD == source4@VENDOR_COD",
                "     && DATE_COD >= DATA_VALIDITA_DA",
                "     && DATE_COD <= DATA_VALIDITA_A,",
                "     joinType:'left',",
                "     matchType:'exact',",
                "     ignoreSpaces: false,",
                "     broadcast: 'both')~> join3",
                "join3 derive(VENDOR_COD = coalesce(source4@VENDOR_COD, '-1')) ~> COLAESCEFORN",
                "COLAESCEFORN select(mapColumn(",
                "          COMPANY_COD,",
                "          DATE_COD,",
                "          MATERIAL_GROUP_COD,",
                "          AMOUNT_LC,",
                "          VENDOR_COD,",
                "          SESSION_TAG = select3@SESSION_TAG,",
                "          CURRENCY_COD,",
                "          KEY_VENDOR",
                "     ),",
                "     skipDuplicateMapInputs: true,",
                "     skipDuplicateMapOutputs: true) ~> select4",
                "select4, select6 join(select4@CURRENCY_COD == select6@CURRENCY_COD",
                "     && DATE_COD == PERIOD_COD,",
                "     joinType:'left',",
                "     matchType:'exact',",
                "     ignoreSpaces: false,",
                "     broadcast: 'auto')~> join4",
                "join4 select(mapColumn(",
                "          COMPANY_COD,",
                "          DATE_COD,",
                "          MATERIAL_GROUP_COD,",
                "          FATTURATO_VALUTA = AMOUNT_LC,",
                "          VENDOR_COD,",
                "          SESSION_TAG = select4@SESSION_TAG,",
                "          CURRENCY_COD = select4@CURRENCY_COD,",
                "          KEY_VENDOR,",
                "          EXCHANGE_RATE,",
                "          SESSION_TAG = select6@SESSION_TAG",
                "     ),",
                "     skipDuplicateMapInputs: true,",
                "     skipDuplicateMapOutputs: true) ~> select5",
                "select5 derive(FATTURATO_EURO = FATTURATO_VALUTA * (1/EXCHANGE_RATE)) ~> derivedColumn2",
                "source5 select(mapColumn(",
                "          CURRENCY_COD,",
                "          PERIOD_COD,",
                "          EXCHANGE_RATE,",
                "          SESSION_TAG",
                "     ),",
                "     skipDuplicateMapInputs: true,",
                "     skipDuplicateMapOutputs: true) ~> select6",
                "derivedColumn2 sink(allowSchemaDrift: true,",
                "     validateSchema: false,",
                "     format: 'parquet',",
                "     truncate: true,",
                "     umask: 0022,",
                "     preCommands: [],",
                "     postCommands: [],",
                "     skipDuplicateMapInputs: true,",
                "     skipDuplicateMapOutputs: true) ~> sink1"
            ]
        }
    }
}