{
    "name": "DF_GRM4_DIM_GRUPPO_MERCI_DWA",
    "properties": {
        "folder": {
            "name": "CapstonePRJ/GRM4"
        },
        "type": "MappingDataFlow",
        "typeProperties": {
            "sources": [
                {
                    "dataset": {
                        "referenceName": "GRM4_DT_ODS_SRC_DIM_GRUPPO_MERCI",
                        "type": "DatasetReference"
                    },
                    "name": "source1"
                }
            ],
            "sinks": [
                {
                    "dataset": {
                        "referenceName": "GRM4_DT_DIM_GRUPPO_MERCI_DWA",
                        "type": "DatasetReference"
                    },
                    "name": "sink1"
                }
            ],
            "transformations": [
                {
                    "name": "SESSIONTAG"
                },
                {
                    "name": "AGGMATGRCOD"
                },
                {
                    "name": "CHECKPK"
                },
                {
                    "name": "join1"
                },
                {
                    "name": "select1"
                }
            ],
            "scriptLines": [
                "parameters{",
                "     SESSION_TAG as integer",
                "}",
                "source(output(",
                "          MATERIAL_GROUP_COD as string,",
                "          MATERIAL_GROUP_DES as string,",
                "          SESSION_TAG as integer",
                "     ),",
                "     allowSchemaDrift: true,",
                "     validateSchema: false,",
                "     ignoreNoFilesFound: false,",
                "     format: 'parquet') ~> source1",
                "source1 derive(SESSION_TAG = $SESSION_TAG) ~> SESSIONTAG",
                "SESSIONTAG aggregate(groupBy(MATERIAL_GROUP_COD),",
                "     COUNT = count(MATERIAL_GROUP_COD)) ~> AGGMATGRCOD",
                "AGGMATGRCOD filter(COUNT == 1) ~> CHECKPK",
                "CHECKPK, SESSIONTAG join(AGGMATGRCOD@MATERIAL_GROUP_COD == source1@MATERIAL_GROUP_COD,",
                "     joinType:'inner',",
                "     matchType:'exact',",
                "     ignoreSpaces: false,",
                "     broadcast: 'auto')~> join1",
                "join1 select(mapColumn(",
                "          MATERIAL_GROUP_COD = source1@MATERIAL_GROUP_COD,",
                "          MATERIAL_GROUP_DES,",
                "          SESSION_TAG",
                "     ),",
                "     skipDuplicateMapInputs: true,",
                "     skipDuplicateMapOutputs: true) ~> select1",
                "select1 sink(allowSchemaDrift: true,",
                "     validateSchema: false,",
                "     input(",
                "          MATERIAL_GROUP_COD as string,",
                "          MATERIAL_GROUP_DES as string,",
                "          SESSION_TAG as integer",
                "     ),",
                "     format: 'parquet',",
                "     truncate: true,",
                "     umask: 0022,",
                "     preCommands: [],",
                "     postCommands: [],",
                "     skipDuplicateMapInputs: true,",
                "     skipDuplicateMapOutputs: true) ~> sink1"
            ]
        }
    }
}