{
    "name": "DF_GRM4_TRAINING_DWA",
    "properties": {
        "folder": {
            "name": "CapstonePRJ/GRM4"
        },
        "type": "MappingDataFlow",
        "typeProperties": {
            "sources": [
                {
                    "dataset": {
                        "referenceName": "GRM4_DT_ODS_SRC_TRAINING",
                        "type": "DatasetReference"
                    },
                    "name": "source1"
                },
                {
                    "dataset": {
                        "referenceName": "GRM4_DT_D_COMPANY_DWA",
                        "type": "DatasetReference"
                    },
                    "name": "source2"
                },
                {
                    "dataset": {
                        "referenceName": "GRM4_FINALE_FORNITORI",
                        "type": "DatasetReference"
                    },
                    "name": "source3"
                }
            ],
            "sinks": [
                {
                    "dataset": {
                        "referenceName": "GRM4_DT_TRAINING_DWA",
                        "type": "DatasetReference"
                    },
                    "name": "sink1"
                }
            ],
            "transformations": [
                {
                    "name": "derivedColumn1"
                },
                {
                    "name": "filter1"
                },
                {
                    "name": "join1"
                },
                {
                    "name": "select1"
                },
                {
                    "name": "select2"
                },
                {
                    "name": "derivedColumn2"
                },
                {
                    "name": "select3"
                },
                {
                    "name": "select4"
                },
                {
                    "name": "join2"
                },
                {
                    "name": "derivedColumn3"
                },
                {
                    "name": "select5"
                },
                {
                    "name": "filter2"
                },
                {
                    "name": "filter3"
                }
            ],
            "scriptLines": [
                "parameters{",
                "     SESSION_TAG as integer,",
                "     ANNO as integer",
                "}",
                "source(output(",
                "          YEAR_COD as double,",
                "          COMPANY_COD as string,",
                "          TRAINING_COD as string,",
                "          VENDOR_COD as string",
                "     ),",
                "     allowSchemaDrift: true,",
                "     validateSchema: false,",
                "     ignoreNoFilesFound: false,",
                "     format: 'parquet') ~> source1",
                "source(output(",
                "          COMPANY_COD as string,",
                "          COMPANY_DES as string,",
                "          CURRENCY_COD as string,",
                "          COUNTRY_COD as string,",
                "          SESSION_TAG as integer",
                "     ),",
                "     allowSchemaDrift: true,",
                "     validateSchema: false,",
                "     ignoreNoFilesFound: false,",
                "     format: 'parquet') ~> source2",
                "source(output(",
                "          KEY_VENDOR as long,",
                "          VENDOR_COD as string,",
                "          VENDOR_DES as string,",
                "          GROUP_LEADER_COD as string,",
                "          ADDRESS_DES as string,",
                "          SESSION_TAG as integer,",
                "          FLAG_ATTIVO as string,",
                "          DATA_VALIDITA_DA as integer,",
                "          DATA_VALIDITA_A as integer",
                "     ),",
                "     allowSchemaDrift: true,",
                "     validateSchema: false,",
                "     ignoreNoFilesFound: false,",
                "     format: 'parquet') ~> source3",
                "source1 derive(SESSION_TAG = $SESSION_TAG) ~> derivedColumn1",
                "derivedColumn1 filter(YEAR_COD == $ANNO) ~> filter1",
                "select2, select1 join(select2@COMPANY_COD == select1@COMPANY_COD,",
                "     joinType:'left',",
                "     matchType:'exact',",
                "     ignoreSpaces: false,",
                "     broadcast: 'auto')~> join1",
                "source2 select(mapColumn(",
                "          COMPANY_COD,",
                "          COMPANY_DES,",
                "          CURRENCY_COD,",
                "          COUNTRY_COD,",
                "          SESSION_TAG",
                "     ),",
                "     skipDuplicateMapInputs: true,",
                "     skipDuplicateMapOutputs: true) ~> select1",
                "filter1 select(mapColumn(",
                "          YEAR_COD,",
                "          COMPANY_COD,",
                "          TRAINING_COD,",
                "          VENDOR_COD,",
                "          SESSION_TAG",
                "     ),",
                "     skipDuplicateMapInputs: true,",
                "     skipDuplicateMapOutputs: true) ~> select2",
                "filter3 derive(COMPANY_COD = coalesce(select1@COMPANY_COD, '-1')) ~> derivedColumn2",
                "derivedColumn2 select(mapColumn(",
                "          YEAR_COD,",
                "          COMPANY_COD,",
                "          TRAINING_COD,",
                "          VENDOR_COD,",
                "          SESSION_TAG = select2@SESSION_TAG,",
                "          COMPANY_DES,",
                "          CURRENCY_COD,",
                "          COUNTRY_COD,",
                "          SESSION_TAG = select1@SESSION_TAG",
                "     ),",
                "     skipDuplicateMapInputs: true,",
                "     skipDuplicateMapOutputs: true) ~> select3",
                "source3 select(mapColumn(",
                "          VENDOR_COD,",
                "          VENDOR_DES,",
                "          GROUP_LEADER_COD,",
                "          ADDRESS_DES,",
                "          SESSION_TAG,",
                "          KEY_VENDOR,",
                "          FLAG_ATTIVO,",
                "          DATA_VALIDITA_DA,",
                "          DATA_VALIDITA_A",
                "     ),",
                "     skipDuplicateMapInputs: true,",
                "     skipDuplicateMapOutputs: true) ~> select4",
                "select3, select4 join(select3@VENDOR_COD == select4@VENDOR_COD,",
                "     joinType:'left',",
                "     matchType:'exact',",
                "     ignoreSpaces: false,",
                "     broadcast: 'auto')~> join2",
                "filter2 derive(VENDOR_COD = coalesce(select4@VENDOR_COD, '-1')) ~> derivedColumn3",
                "derivedColumn3 select(mapColumn(",
                "          YEAR_COD,",
                "          COMPANY_COD,",
                "          TRAINING_COD,",
                "          VENDOR_COD,",
                "          SESSION_TAG = select3@SESSION_TAG",
                "     ),",
                "     skipDuplicateMapInputs: true,",
                "     skipDuplicateMapOutputs: true) ~> select5",
                "join2 filter(YEAR_COD == $ANNO) ~> filter2",
                "join1 filter(YEAR_COD == $ANNO) ~> filter3",
                "select5 sink(allowSchemaDrift: true,",
                "     validateSchema: false,",
                "     format: 'parquet',",
                "     truncate: true,",
                "     umask: 0022,",
                "     preCommands: [],",
                "     postCommands: [],",
                "     skipDuplicateMapInputs: true,",
                "     skipDuplicateMapOutputs: true) ~> sink1"
            ]
        }
    }
}