{
    "name": "DF_GRM4_WT_TASSI_CAMBIO",
    "properties": {
        "folder": {
            "name": "CapstonePRJ/GRM4"
        },
        "type": "MappingDataFlow",
        "typeProperties": {
            "sources": [
                {
                    "dataset": {
                        "referenceName": "GRM4_DT_ODS_SRC_TASSI_CAMBIO_NEW",
                        "type": "DatasetReference"
                    },
                    "name": "source1"
                }
            ],
            "sinks": [
                {
                    "dataset": {
                        "referenceName": "GRM4_DT_WT_TASSI_CAMBIO",
                        "type": "DatasetReference"
                    },
                    "name": "sink1"
                }
            ],
            "transformations": [
                {
                    "name": "SESSIONTAG"
                },
                {
                    "name": "KEYTASSICAMBIO"
                },
                {
                    "name": "CHECKPK"
                },
                {
                    "name": "filter1"
                },
                {
                    "name": "join1"
                },
                {
                    "name": "select1"
                },
                {
                    "name": "select2"
                },
                {
                    "name": "filter2"
                }
            ],
            "scriptLines": [
                "parameters{",
                "     SESSION_TAG as integer,",
                "     DATA_VALIDITA_DA as integer,",
                "     DATA_VALIDITA_A as integer",
                "}",
                "source(output(",
                "          CURRENCY_COD as string,",
                "          PERIOD_COD as integer,",
                "          EXCHANGE_RATE as double,",
                "          SESSION_TAG as string",
                "     ),",
                "     allowSchemaDrift: true,",
                "     validateSchema: false,",
                "     ignoreNoFilesFound: false,",
                "     format: 'parquet') ~> source1",
                "filter2 derive(SESSION_TAG = $SESSION_TAG) ~> SESSIONTAG",
                "SESSIONTAG derive(KEY_TASSI_CAMBIO = concat(CURRENCY_COD, '-', toString(PERIOD_COD))) ~> KEYTASSICAMBIO",
                "KEYTASSICAMBIO aggregate(groupBy(KEY_TASSI_CAMBIO),",
                "     COUNT = count(KEY_TASSI_CAMBIO)) ~> CHECKPK",
                "CHECKPK filter(COUNT == 1) ~> filter1",
                "select1, KEYTASSICAMBIO join(select1@KEY_TASSI_CAMBIO == KEYTASSICAMBIO@KEY_TASSI_CAMBIO,",
                "     joinType:'inner',",
                "     matchType:'exact',",
                "     ignoreSpaces: false,",
                "     broadcast: 'auto')~> join1",
                "filter1 select(mapColumn(",
                "          KEY_TASSI_CAMBIO,",
                "          COUNT",
                "     ),",
                "     skipDuplicateMapInputs: true,",
                "     skipDuplicateMapOutputs: true) ~> select1",
                "join1 select(mapColumn(",
                "          KEY_TASSI_CAMBIO = select1@KEY_TASSI_CAMBIO,",
                "          CURRENCY_COD,",
                "          PERIOD_COD,",
                "          EXCHANGE_RATE,",
                "          SESSION_TAG,",
                "          KEY_TASSI_CAMBIO = KEYTASSICAMBIO@KEY_TASSI_CAMBIO",
                "     ),",
                "     skipDuplicateMapInputs: true,",
                "     skipDuplicateMapOutputs: true) ~> select2",
                "source1 filter(between(PERIOD_COD, $DATA_VALIDITA_DA, $DATA_VALIDITA_A)) ~> filter2",
                "select2 sink(allowSchemaDrift: true,",
                "     validateSchema: false,",
                "     input(",
                "          KEY_TASSI_CAMBIO as string,",
                "          CURRENCY_COD as string,",
                "          PERIOD_COD as integer,",
                "          EXCHANGE_RATE as double,",
                "          SESSION_TAG as integer",
                "     ),",
                "     format: 'parquet',",
                "     truncate: true,",
                "     umask: 0022,",
                "     preCommands: [],",
                "     postCommands: [],",
                "     skipDuplicateMapInputs: true,",
                "     skipDuplicateMapOutputs: true) ~> sink1"
            ]
        }
    }
}