{
    "name": "DF_GRM4_WT_ECOVADIS",
    "properties": {
        "folder": {
            "name": "CapstonePRJ/GRM4"
        },
        "type": "MappingDataFlow",
        "typeProperties": {
            "sources": [
                {
                    "dataset": {
                        "referenceName": "GRM4_DT_ODS_ECOVADIS",
                        "type": "DatasetReference"
                    },
                    "name": "source1"
                },
                {
                    "dataset": {
                        "referenceName": "GRM4_DT_BRIDGE_FORNITORI",
                        "type": "DatasetReference"
                    },
                    "name": "source2"
                },
                {
                    "dataset": {
                        "referenceName": "GRM4_FINALE_FORNITORI",
                        "type": "DatasetReference"
                    },
                    "name": "source3"
                }
            ],
            "sinks": [
                {
                    "dataset": {
                        "referenceName": "GRM4_DT_WT_ECOVADIS",
                        "type": "DatasetReference"
                    },
                    "name": "sink1"
                }
            ],
            "transformations": [
                {
                    "name": "SESSIONTAG"
                },
                {
                    "name": "filter1"
                },
                {
                    "name": "CHECKPK"
                },
                {
                    "name": "join1"
                },
                {
                    "name": "select1"
                },
                {
                    "name": "join2"
                },
                {
                    "name": "select2"
                },
                {
                    "name": "filter2"
                },
                {
                    "name": "ANNO"
                },
                {
                    "name": "window1"
                },
                {
                    "name": "ULTIMOVALOREECOVADIS"
                },
                {
                    "name": "YEAR"
                },
                {
                    "name": "CHECKFK"
                },
                {
                    "name": "filter3"
                },
                {
                    "name": "select3"
                },
                {
                    "name": "COALESCE"
                }
            ],
            "scriptLines": [
                "parameters{",
                "     SESSION_TAG as integer,",
                "     DATA_VALIDITA_DA as integer,",
                "     DATA_VALIDITA_A as integer,",
                "     ANNO as integer",
                "}",
                "source(output(",
                "          YEAR_MONTH as integer,",
                "          VENDOR_MGM_COD as string,",
                "          SCORE as double",
                "     ),",
                "     allowSchemaDrift: true,",
                "     validateSchema: false,",
                "     ignoreNoFilesFound: false,",
                "     format: 'parquet') ~> source1",
                "source(output(",
                "          VENDOR_MGM_COD as string,",
                "          VENDOR_COD as string",
                "     ),",
                "     allowSchemaDrift: true,",
                "     validateSchema: false,",
                "     ignoreNoFilesFound: false,",
                "     format: 'parquet') ~> source2",
                "source(output(",
                "          KEY_VENDOR as long,",
                "          VENDOR_COD as string,",
                "          VENDOR_DES as string,",
                "          GROUP_LEADER_COD as string,",
                "          ADDRESS_DES as string,",
                "          SESSION_TAG as integer,",
                "          FLAG_ATTIVO as string,",
                "          DATA_VALIDITA_DA as integer,",
                "          DATA_VALIDITA_A as integer",
                "     ),",
                "     allowSchemaDrift: true,",
                "     validateSchema: false,",
                "     ignoreNoFilesFound: false,",
                "     format: 'parquet') ~> source3",
                "filter1 derive(SESSION_TAG = $SESSION_TAG) ~> SESSIONTAG",
                "ANNO filter(YEAR == $ANNO) ~> filter1",
                "SESSIONTAG aggregate(groupBy(YEAR_MONTH,",
                "          VENDOR_MGM_COD),",
                "     COUNT_YEAR_MONTH = count(YEAR_MONTH),",
                "          COUNT_VENDOR_MGM_COD = count(VENDOR_MGM_COD)) ~> CHECKPK",
                "filter2, SESSIONTAG join(CHECKPK@VENDOR_MGM_COD == source1@VENDOR_MGM_COD,",
                "     joinType:'inner',",
                "     matchType:'exact',",
                "     ignoreSpaces: false,",
                "     broadcast: 'auto')~> join1",
                "join1 select(mapColumn(",
                "          YEAR_MONTH = CHECKPK@YEAR_MONTH,",
                "          VENDOR_MGM_COD = CHECKPK@VENDOR_MGM_COD,",
                "          YEAR_MONTH = source1@YEAR_MONTH,",
                "          VENDOR_MGM_COD = source1@VENDOR_MGM_COD,",
                "          SCORE,",
                "          YEAR,",
                "          SESSION_TAG",
                "     ),",
                "     skipDuplicateMapInputs: true,",
                "     skipDuplicateMapOutputs: true) ~> select1",
                "select1, source2 join(select1@VENDOR_MGM_COD == source2@VENDOR_MGM_COD,",
                "     joinType:'inner',",
                "     matchType:'exact',",
                "     ignoreSpaces: false,",
                "     broadcast: 'auto')~> join2",
                "join2 select(mapColumn(",
                "          YEAR_MONTH,",
                "          VENDOR_MGM_COD = select1@VENDOR_MGM_COD,",
                "          SCORE,",
                "          SESSION_TAG,",
                "          VENDOR_MGM_COD = source2@VENDOR_MGM_COD,",
                "          VENDOR_COD",
                "     ),",
                "     skipDuplicateMapInputs: true,",
                "     skipDuplicateMapOutputs: true) ~> select2",
                "CHECKPK filter(COUNT_YEAR_MONTH == 1 && COUNT_VENDOR_MGM_COD== 1) ~> filter2",
                "source1 derive(YEAR = $ANNO) ~> ANNO",
                "select3 window(over(VENDOR_COD),",
                "     desc(YEAR_MONTH, true),",
                "     SCORE = first(SCORE)) ~> window1",
                "window1 aggregate(groupBy(VENDOR_COD,",
                "          VENDOR_MGM_COD,",
                "          SCORE,",
                "          SESSION_TAG),",
                "     YEAR_MONTH = first(YEAR_MONTH)) ~> ULTIMOVALOREECOVADIS",
                "ULTIMOVALOREECOVADIS derive(YEAR = $ANNO) ~> YEAR",
                "select2, source3 join(select2@VENDOR_COD == source3@VENDOR_COD,",
                "     joinType:'left',",
                "     matchType:'exact',",
                "     ignoreSpaces: false,",
                "     broadcast: 'auto')~> CHECKFK",
                "CHECKFK filter(between(YEAR_MONTH, $DATA_VALIDITA_DA, $DATA_VALIDITA_A)) ~> filter3",
                "COALESCE select(mapColumn(",
                "          YEAR_MONTH,",
                "          VENDOR_MGM_COD,",
                "          SCORE,",
                "          SESSION_TAG = select2@SESSION_TAG,",
                "          VENDOR_COD",
                "     ),",
                "     skipDuplicateMapInputs: true,",
                "     skipDuplicateMapOutputs: true) ~> select3",
                "filter3 derive(VENDOR_COD = coalesce(source3@VENDOR_COD, '-1')) ~> COALESCE",
                "YEAR sink(allowSchemaDrift: true,",
                "     validateSchema: false,",
                "     input(",
                "          VENDOR_COD as string,",
                "          VENDOR_MGM_COD as string,",
                "          SCORE as double,",
                "          SESSION_TAG as integer,",
                "          YEAR_MONTH as integer,",
                "          YEAR as integer",
                "     ),",
                "     format: 'parquet',",
                "     truncate: true,",
                "     umask: 0022,",
                "     preCommands: [],",
                "     postCommands: [],",
                "     skipDuplicateMapInputs: true,",
                "     skipDuplicateMapOutputs: true) ~> sink1"
            ]
        }
    }
}