{
    "now": "2024-04-06T15:13:19.077Z",
    "perfNow": 2120393.7000000477,
    "diagnosticCorrelation": "e9dfb7d0-b9dc-41d3-89d7-1bea3de38589",
    "source": "DownloadSupportFiles",
    "environment": {
        "productName": "adf",
        "buildVersion": "1.0.032924.8",
        "environmentType": 3,
        "resourceName": "iconsultingacademy-df",
        "resourceRegion": "northeurope",
        "resourceGroup": "academy-datafactory-rg",
        "subscriptionId": "3fd5c598-3cc9-4488-9b4c-db3cacf7f585",
        "sessionId": "X4aPXQhZTLbBcFMqQoLrhf",
        "operationId": "",
        "gitType": "live",
        "loggingKey": "b72b9983-e59a-47e7-9851-ae6b2215a3f5"
    },
    "additionalInfo": {
        "selectedResource": "MASTER_FORNITORI",
        "selectedResourceType": "pipeline"
    }
}