{
    "name": "DF_GRM4_DIMFORNITORI_DELTATOPARQUET",
    "properties": {
        "folder": {
            "name": "CapstonePRJ/GRM4"
        },
        "type": "MappingDataFlow",
        "typeProperties": {
            "sources": [
                {
                    "linkedService": {
                        "referenceName": "AzureDataLakeStorage1",
                        "type": "LinkedServiceReference"
                    },
                    "name": "source2"
                }
            ],
            "sinks": [
                {
                    "dataset": {
                        "referenceName": "GRM4_DT_DIM_FORNITORI_DWA_FINALE",
                        "type": "DatasetReference"
                    },
                    "name": "sink1"
                }
            ],
            "transformations": [],
            "scriptLines": [
                "source(output(",
                "          VENDOR_COD as string,",
                "          VENDOR_DES as string,",
                "          GROUP_LEADER_COD as string,",
                "          ADDRESS_DES as string,",
                "          SESSION_TAG as integer,",
                "          KEY_VENDOR as long,",
                "          FLAG_ATTIVO as string,",
                "          DATA_VALIDITA_DA as integer,",
                "          DATA_VALIDITA_A as integer",
                "     ),",
                "     allowSchemaDrift: true,",
                "     validateSchema: false,",
                "     ignoreNoFilesFound: false,",
                "     format: 'delta',",
                "     fileSystem: 'studenti-container',",
                "     folderPath: 'esempio/GRM4DELTAFINALE7') ~> source2",
                "source2 sink(allowSchemaDrift: true,",
                "     validateSchema: false,",
                "     input(",
                "          VENDOR_COD as string,",
                "          VENDOR_DES as string,",
                "          GROUP_LEADER_COD as string,",
                "          ADDRESS_DES as string,",
                "          SESSION_TAG as integer,",
                "          KEY_VENDOR as long,",
                "          FLAG_ATTIVO as string,",
                "          DATA_VALIDITA_DA as integer,",
                "          DATA_VALIDITA_A as integer",
                "     ),",
                "     format: 'parquet',",
                "     truncate: true,",
                "     umask: 0022,",
                "     preCommands: [],",
                "     postCommands: [],",
                "     skipDuplicateMapInputs: true,",
                "     skipDuplicateMapOutputs: true) ~> sink1"
            ]
        }
    }
}