{
    "name": "DF_GRM4_DIM_FORNITORI_DWA",
    "properties": {
        "folder": {
            "name": "CapstonePRJ/GRM4"
        },
        "type": "MappingDataFlow",
        "typeProperties": {
            "sources": [
                {
                    "dataset": {
                        "referenceName": "GRM4_WT_DT_DIM_FORNITORI_DWA_3",
                        "type": "DatasetReference"
                    },
                    "name": "source1"
                }
            ],
            "sinks": [
                {
                    "linkedService": {
                        "referenceName": "AzureDataLakeStorage1",
                        "type": "LinkedServiceReference"
                    },
                    "name": "sink1"
                }
            ],
            "transformations": [
                {
                    "name": "derivedColumn1"
                },
                {
                    "name": "INSERT"
                },
                {
                    "name": "select1"
                },
                {
                    "name": "filter2"
                }
            ],
            "scriptLines": [
                "parameters{",
                "     DATA_VALIDITA_DA as integer,",
                "     DATA_VALIDITA_A as integer",
                "}",
                "source(output(",
                "          VENDOR_COD as string,",
                "          VENDOR_DES as string,",
                "          GROUP_LEADER_COD as string,",
                "          ADDRESS_DES as string,",
                "          SESSION_TAG as integer,",
                "          KEY_VENDOR as long,",
                "          FLAG_ATTIVO as string,",
                "          DATA_VALIDITA_DA as integer,",
                "          DATA_VALIDITA_A as integer,",
                "          FLAG_INS as string",
                "     ),",
                "     allowSchemaDrift: true,",
                "     validateSchema: false,",
                "     ignoreNoFilesFound: false,",
                "     format: 'parquet') ~> source1",
                "INSERT derive(DATA_VALIDITA_DA = $DATA_VALIDITA_DA,",
                "          DATA_VALIDITA_A = 999912,",
                "          FLAG_ATTIVO = '1') ~> derivedColumn1",
                "filter2 alterRow(insertIf(FLAG_INS=='I'||FLAG_INS=='U')) ~> INSERT",
                "derivedColumn1 select(mapColumn(",
                "          VENDOR_COD,",
                "          VENDOR_DES,",
                "          GROUP_LEADER_COD,",
                "          ADDRESS_DES,",
                "          SESSION_TAG,",
                "          KEY_VENDOR,",
                "          FLAG_ATTIVO,",
                "          DATA_VALIDITA_DA,",
                "          DATA_VALIDITA_A",
                "     ),",
                "     skipDuplicateMapInputs: true,",
                "     skipDuplicateMapOutputs: true) ~> select1",
                "source1 filter(FLAG_INS == 'I' || FLAG_INS == 'U') ~> filter2",
                "select1 sink(allowSchemaDrift: true,",
                "     validateSchema: false,",
                "     format: 'delta',",
                "     fileSystem: 'studenti-container',",
                "     folderPath: 'esempio/GRM4DELTAFINALE7',",
                "     overwrite: true,",
                "     mergeSchema: false,",
                "     autoCompact: false,",
                "     optimizedWrite: false,",
                "     vacuum: 0,",
                "     deletable: false,",
                "     insertable: true,",
                "     updateable: false,",
                "     upsertable: false,",
                "     umask: 0022,",
                "     preCommands: [],",
                "     postCommands: [],",
                "     skipDuplicateMapInputs: true,",
                "     skipDuplicateMapOutputs: true) ~> sink1"
            ]
        }
    }
}