{
    "now": "2024-04-06T15:23:51.231Z",
    "perfNow": 2752547.899999976,
    "diagnosticCorrelation": "4d05d652-6812-48ee-a980-26914859dc08",
    "source": "DownloadSupportFiles",
    "environment": {
        "productName": "adf",
        "buildVersion": "1.0.032924.8",
        "environmentType": 3,
        "resourceName": "iconsultingacademy-df",
        "resourceRegion": "northeurope",
        "resourceGroup": "academy-datafactory-rg",
        "subscriptionId": "3fd5c598-3cc9-4488-9b4c-db3cacf7f585",
        "sessionId": "X4aPXQhZTLbBcFMqQoLrhf",
        "operationId": "",
        "gitType": "live",
        "loggingKey": "b72b9983-e59a-47e7-9851-ae6b2215a3f5"
    },
    "additionalInfo": {
        "selectedResource": "PL_GRM4_WT_DIM_FORNITORI_DWA_copy1",
        "selectedResourceType": "pipeline"
    }
}