{
    "name": "DT_ORACLE",
    "properties": {
        "linkedServiceName": {
            "referenceName": "Oracle",
            "type": "LinkedServiceReference"
        },
        "parameters": {
            "schemaIN": {
                "type": "string"
            },
            "tabellaIN": {
                "type": "string"
            }
        },
        "folder": {
            "name": "DOCENTI"
        },
        "annotations": [],
        "type": "OracleTable",
        "schema": [],
        "typeProperties": {
            "schema": {
                "value": "@dataset().schemaIN",
                "type": "Expression"
            },
            "table": {
                "value": "@dataset().tabellaIN",
                "type": "Expression"
            }
        }
    },
    "type": "Microsoft.DataFactory/factories/datasets"
}