{
    "now": "2024-04-06T15:23:03.570Z",
    "perfNow": 2704887.5,
    "diagnosticCorrelation": "1c49f630-0778-4a0b-8b4e-e691ecb92f76",
    "source": "DownloadSupportFiles",
    "environment": {
        "productName": "adf",
        "buildVersion": "1.0.032924.8",
        "environmentType": 3,
        "resourceName": "iconsultingacademy-df",
        "resourceRegion": "northeurope",
        "resourceGroup": "academy-datafactory-rg",
        "subscriptionId": "3fd5c598-3cc9-4488-9b4c-db3cacf7f585",
        "sessionId": "X4aPXQhZTLbBcFMqQoLrhf",
        "operationId": "",
        "gitType": "live",
        "loggingKey": "b72b9983-e59a-47e7-9851-ae6b2215a3f5"
    },
    "additionalInfo": {
        "selectedResource": "PL_GRM4_T_TRAINING_DWA",
        "selectedResourceType": "pipeline"
    }
}