{
    "name": "DF_GRM4_GROUP_LEADER_DWA",
    "properties": {
        "folder": {
            "name": "CapstonePRJ/GRM4"
        },
        "type": "MappingDataFlow",
        "typeProperties": {
            "sources": [
                {
                    "dataset": {
                        "referenceName": "GRM4_DT_D_FORNITORI",
                        "type": "DatasetReference"
                    },
                    "name": "source1"
                }
            ],
            "sinks": [
                {
                    "dataset": {
                        "referenceName": "GRM4_DT_GROUP_LEADER_DWA",
                        "type": "DatasetReference"
                    },
                    "name": "sink1"
                }
            ],
            "transformations": [
                {
                    "name": "select1"
                },
                {
                    "name": "aggregate1"
                },
                {
                    "name": "join1"
                },
                {
                    "name": "aggregate2"
                },
                {
                    "name": "select2"
                },
                {
                    "name": "CHECKPK"
                },
                {
                    "name": "filter1"
                },
                {
                    "name": "join2"
                },
                {
                    "name": "select3"
                },
                {
                    "name": "derivedColumn1"
                }
            ],
            "scriptLines": [
                "parameters{",
                "     SESSION_TAG as integer",
                "}",
                "source(output(",
                "          VENDOR_COD as string,",
                "          VENDOR_DES as string,",
                "          GROUP_LEADER_COD as string,",
                "          ADDRESS_DES as string,",
                "          SESSION_TAG as integer",
                "     ),",
                "     allowSchemaDrift: true,",
                "     validateSchema: false,",
                "     ignoreNoFilesFound: false,",
                "     format: 'parquet') ~> source1",
                "source1 select(mapColumn(",
                "          VENDOR_COD,",
                "          VENDOR_DES,",
                "          GROUP_LEADER_COD,",
                "          ADDRESS_DES,",
                "          SESSION_TAG",
                "     ),",
                "     skipDuplicateMapInputs: true,",
                "     skipDuplicateMapOutputs: true) ~> select1",
                "select1 aggregate(groupBy(VENDOR_COD),",
                "     each(match(name!=\"VENDOR_COD\"), $$ = first($$))) ~> aggregate1",
                "aggregate1, aggregate2 join(aggregate1@VENDOR_COD == aggregate2@GROUP_LEADER_COD,",
                "     joinType:'inner',",
                "     matchType:'exact',",
                "     ignoreSpaces: false,",
                "     broadcast: 'auto')~> join1",
                "source1 aggregate(groupBy(GROUP_LEADER_COD),",
                "     each(match(name!=\"GROUP_LEADER_COD\"), $$ = first($$))) ~> aggregate2",
                "join1 select(mapColumn(",
                "          GROUP_LEADER_COD = aggregate1@VENDOR_COD,",
                "          GROUP_LEADER_DES = aggregate1@VENDOR_DES,",
                "          ADDRESS_DES = aggregate1@ADDRESS_DES,",
                "          SESSION_TAG = aggregate1@SESSION_TAG",
                "     ),",
                "     skipDuplicateMapInputs: true,",
                "     skipDuplicateMapOutputs: true) ~> select2",
                "select2 aggregate(groupBy(GROUP_LEADER_COD),",
                "     COUNT = count(GROUP_LEADER_COD)) ~> CHECKPK",
                "CHECKPK filter(COUNT == 1) ~> filter1",
                "filter1, select2 join(CHECKPK@GROUP_LEADER_COD == select2@GROUP_LEADER_COD,",
                "     joinType:'inner',",
                "     matchType:'exact',",
                "     ignoreSpaces: false,",
                "     broadcast: 'auto')~> join2",
                "join2 select(mapColumn(",
                "          GROUP_LEADER_COD = select2@GROUP_LEADER_COD,",
                "          GROUP_LEADER_DES,",
                "          ADDRESS_DES,",
                "          SESSION_TAG",
                "     ),",
                "     skipDuplicateMapInputs: true,",
                "     skipDuplicateMapOutputs: true) ~> select3",
                "select3 derive(SESSION_TAG = $SESSION_TAG) ~> derivedColumn1",
                "derivedColumn1 sink(allowSchemaDrift: true,",
                "     validateSchema: false,",
                "     input(",
                "          GROUP_LEADER_COD as string,",
                "          GROUP_LEADER_DES as string,",
                "          ADDRESS_DES as string,",
                "          SESSION_TAG as integer",
                "     ),",
                "     format: 'parquet',",
                "     truncate: true,",
                "     umask: 0022,",
                "     preCommands: [],",
                "     postCommands: [],",
                "     skipDuplicateMapInputs: true,",
                "     skipDuplicateMapOutputs: true) ~> sink1"
            ]
        }
    }
}