{
    "now": "2024-04-06T15:19:45.098Z",
    "perfNow": 2506415.600000024,
    "diagnosticCorrelation": "ac0d15e6-d41f-4b14-91c8-dd7841e2ef6b",
    "source": "DownloadSupportFiles",
    "environment": {
        "productName": "adf",
        "buildVersion": "1.0.032924.8",
        "environmentType": 3,
        "resourceName": "iconsultingacademy-df",
        "resourceRegion": "northeurope",
        "resourceGroup": "academy-datafactory-rg",
        "subscriptionId": "3fd5c598-3cc9-4488-9b4c-db3cacf7f585",
        "sessionId": "X4aPXQhZTLbBcFMqQoLrhf",
        "operationId": "",
        "gitType": "live",
        "loggingKey": "b72b9983-e59a-47e7-9851-ae6b2215a3f5"
    },
    "additionalInfo": {
        "selectedResource": "PL_GRM4_DIM_GROUP_LEADER_DWA",
        "selectedResourceType": "pipeline"
    }
}