{
    "name": "DF_T_TRAINING_DWA",
    "properties": {
        "folder": {
            "name": "CapstonePRJ/GRM4"
        },
        "type": "MappingDataFlow",
        "typeProperties": {
            "sources": [
                {
                    "dataset": {
                        "referenceName": "GRM4_DT_TRAINING_DWA",
                        "type": "DatasetReference"
                    },
                    "name": "source1"
                },
                {
                    "dataset": {
                        "referenceName": "GRM4_T_TRAINING_DWA",
                        "type": "DatasetReference"
                    },
                    "name": "TTRAINING"
                }
            ],
            "sinks": [
                {
                    "linkedService": {
                        "referenceName": "AzureDataLakeStorage1",
                        "type": "LinkedServiceReference"
                    },
                    "name": "sink1"
                }
            ],
            "transformations": [
                {
                    "name": "LETTURARIGHE"
                },
                {
                    "name": "join1"
                },
                {
                    "name": "INSERT"
                },
                {
                    "name": "select1"
                }
            ],
            "scriptLines": [
                "parameters{",
                "     SESSION_TAG as integer",
                "}",
                "source(output(",
                "          YEAR_COD as integer,",
                "          COMPANY_COD as string,",
                "          TRAINING_COD as string,",
                "          VENDOR_COD as string,",
                "          SESSION_TAG as integer",
                "     ),",
                "     allowSchemaDrift: true,",
                "     validateSchema: false,",
                "     ignoreNoFilesFound: false,",
                "     format: 'parquet') ~> source1",
                "source(output(",
                "          YEAR_COD as integer,",
                "          COMPANY_COD as string,",
                "          TRAINING_COD as string,",
                "          VENDOR_COD as string,",
                "          SESSION_TAG as string",
                "     ),",
                "     allowSchemaDrift: true,",
                "     validateSchema: false,",
                "     ignoreNoFilesFound: false,",
                "     format: 'parquet') ~> TTRAINING",
                "source1 filter(SESSION_TAG == $SESSION_TAG) ~> LETTURARIGHE",
                "LETTURARIGHE, TTRAINING join(source1@VENDOR_COD == TTRAINING@VENDOR_COD,",
                "     joinType:'left',",
                "     matchType:'exact',",
                "     ignoreSpaces: false,",
                "     broadcast: 'auto')~> join1",
                "join1 alterRow(insertIf(isNull(TTRAINING@VENDOR_COD))) ~> INSERT",
                "INSERT select(mapColumn(",
                "          YEAR_COD = source1@YEAR_COD,",
                "          COMPANY_COD = source1@COMPANY_COD,",
                "          TRAINING_COD = source1@TRAINING_COD,",
                "          VENDOR_COD = source1@VENDOR_COD,",
                "          SESSION_TAG = source1@SESSION_TAG,",
                "          YEAR_COD = TTRAINING@YEAR_COD,",
                "          COMPANY_COD = TTRAINING@COMPANY_COD,",
                "          TRAINING_COD = TTRAINING@TRAINING_COD,",
                "          VENDOR_COD = TTRAINING@VENDOR_COD,",
                "          SESSION_TAG = TTRAINING@SESSION_TAG",
                "     ),",
                "     skipDuplicateMapInputs: true,",
                "     skipDuplicateMapOutputs: true) ~> select1",
                "select1 sink(allowSchemaDrift: true,",
                "     validateSchema: false,",
                "     format: 'delta',",
                "     fileSystem: 'studenti-container',",
                "     folderPath: 'esempio/GRM4DELTATRAINING4',",
                "     overwrite: true,",
                "     mergeSchema: false,",
                "     autoCompact: false,",
                "     optimizedWrite: false,",
                "     vacuum: 0,",
                "     deletable: false,",
                "     insertable: true,",
                "     updateable: false,",
                "     upsertable: false,",
                "     umask: 0022,",
                "     preCommands: [],",
                "     postCommands: [],",
                "     skipDuplicateMapInputs: true,",
                "     skipDuplicateMapOutputs: true) ~> sink1"
            ]
        }
    }
}