{
    "name": "DF_GRM4_ODS_DIM_COMPANY",
    "properties": {
        "folder": {
            "name": "CapstonePRJ/GRM4"
        },
        "type": "MappingDataFlow",
        "typeProperties": {
            "sources": [
                {
                    "dataset": {
                        "referenceName": "GRM4_SRC_DIM_COMPANY_DEF",
                        "type": "DatasetReference"
                    },
                    "name": "source1"
                }
            ],
            "sinks": [
                {
                    "dataset": {
                        "referenceName": "GRM4_DT_ODS_SRC_DIM_COMPANY",
                        "type": "DatasetReference"
                    },
                    "name": "sink1"
                }
            ],
            "transformations": [
                {
                    "name": "SESSIONTAG"
                }
            ],
            "scriptLines": [
                "parameters{",
                "     SESSION_TAG as integer",
                "}",
                "source(output(",
                "          COMPANY_COD as string,",
                "          COMPANY_DES as string,",
                "          CURRENCY_COD as string,",
                "          COUNTRY_COD as string",
                "     ),",
                "     allowSchemaDrift: true,",
                "     validateSchema: false,",
                "     ignoreNoFilesFound: false,",
                "     format: 'parquet') ~> source1",
                "source1 derive(SESSION_TAG = $SESSION_TAG) ~> SESSIONTAG",
                "SESSIONTAG sink(allowSchemaDrift: true,",
                "     validateSchema: false,",
                "     input(",
                "          COMPANY_COD as string,",
                "          COMPANY_DES as string,",
                "          CURRENCY_COD as string,",
                "          COUNTRY_COD as string,",
                "          SESSION_TAG as integer",
                "     ),",
                "     format: 'parquet',",
                "     truncate: true,",
                "     umask: 0022,",
                "     preCommands: [],",
                "     postCommands: [],",
                "     skipDuplicateMapInputs: true,",
                "     skipDuplicateMapOutputs: true) ~> sink1"
            ]
        }
    }
}