{
    "now": "2024-04-06T15:20:28.957Z",
    "perfNow": 2550273.8000000715,
    "diagnosticCorrelation": "6b6079eb-d9a3-4b98-a510-9031339af1c0",
    "source": "DownloadSupportFiles",
    "environment": {
        "productName": "adf",
        "buildVersion": "1.0.032924.8",
        "environmentType": 3,
        "resourceName": "iconsultingacademy-df",
        "resourceRegion": "northeurope",
        "resourceGroup": "academy-datafactory-rg",
        "subscriptionId": "3fd5c598-3cc9-4488-9b4c-db3cacf7f585",
        "sessionId": "X4aPXQhZTLbBcFMqQoLrhf",
        "operationId": "",
        "gitType": "live",
        "loggingKey": "b72b9983-e59a-47e7-9851-ae6b2215a3f5"
    },
    "additionalInfo": {
        "selectedResource": "PL_GRM4_DIM_GRUPPO_MERCI_DWA",
        "selectedResourceType": "pipeline"
    }
}