{
    "name": "PL_GRM4_F_KPI_DWE",
    "properties": {
        "activities": [
            {
                "name": "DF_GRM4_F_KPI_DWE",
                "type": "ExecuteDataFlow",
                "dependsOn": [
                    {
                        "activity": "Copy_KPI_DWA",
                        "dependencyConditions": [
                            "Succeeded"
                        ]
                    }
                ],
                "policy": {
                    "timeout": "0.12:00:00",
                    "retry": 0,
                    "retryIntervalInSeconds": 30,
                    "secureOutput": false,
                    "secureInput": false
                },
                "userProperties": [],
                "typeProperties": {
                    "dataflow": {
                        "referenceName": "DF_GRM4_F_KPI_DWE",
                        "type": "DataFlowReference",
                        "parameters": {
                            "DATA_VALIDITA_DA": {
                                "value": "@pipeline().parameters.DATA_VALIDITA_DA",
                                "type": "Expression"
                            },
                            "DATA_VALIDITA_A": {
                                "value": "@pipeline().parameters.DATA_VALIDITA_A",
                                "type": "Expression"
                            },
                            "SESSION_TAG": {
                                "value": "@pipeline().parameters.SESSION_TAG",
                                "type": "Expression"
                            },
                            "ANNO": {
                                "value": "@pipeline().parameters.ANNO",
                                "type": "Expression"
                            }
                        }
                    },
                    "compute": {
                        "coreCount": 8,
                        "computeType": "General"
                    },
                    "traceLevel": "Fine"
                }
            },
            {
                "name": "Copy data1",
                "type": "Copy",
                "dependsOn": [
                    {
                        "activity": "DF_GRM4_F_KPI_DWE",
                        "dependencyConditions": [
                            "Succeeded"
                        ]
                    }
                ],
                "policy": {
                    "timeout": "0.12:00:00",
                    "retry": 0,
                    "retryIntervalInSeconds": 30,
                    "secureOutput": false,
                    "secureInput": false
                },
                "userProperties": [],
                "typeProperties": {
                    "source": {
                        "type": "ParquetSource",
                        "storeSettings": {
                            "type": "AzureBlobFSReadSettings",
                            "recursive": true,
                            "wildcardFolderPath": "esempio/GRM4_FINALISSIMO_DWE",
                            "wildcardFileName": "*.parquet",
                            "enablePartitionDiscovery": false
                        },
                        "formatSettings": {
                            "type": "ParquetReadSettings"
                        }
                    },
                    "sink": {
                        "type": "OracleSink",
                        "writeBatchSize": 50000,
                        "preCopyScript": {
                            "value": "DELETE FROM CUSTOM_PROJECT_DWH.GRM4_F_KPI_DWE\nWHERE DATE_COD BETWEEN @{pipeline().parameters.DATA_VALIDITA_DA} AND @{pipeline().parameters.DATA_VALIDITA_A}",
                            "type": "Expression"
                        }
                    },
                    "enableStaging": false,
                    "translator": {
                        "type": "TabularTranslator",
                        "typeConversion": true,
                        "typeConversionSettings": {
                            "allowDataTruncation": true,
                            "treatBooleanAsNumber": false
                        }
                    }
                },
                "inputs": [
                    {
                        "referenceName": "GRM4_FINALISSIMO_DWE",
                        "type": "DatasetReference"
                    }
                ],
                "outputs": [
                    {
                        "referenceName": "DT_ORACLE",
                        "type": "DatasetReference",
                        "parameters": {
                            "schemaIN": "CUSTOM_PROJECT_DWH",
                            "tabellaIN": "GRM4_F_KPI_DWE"
                        }
                    }
                ]
            },
            {
                "name": "Copy_KPI_DWA",
                "type": "Copy",
                "dependsOn": [
                    {
                        "activity": "Delete1",
                        "dependencyConditions": [
                            "Succeeded"
                        ]
                    }
                ],
                "policy": {
                    "timeout": "0.12:00:00",
                    "retry": 0,
                    "retryIntervalInSeconds": 30,
                    "secureOutput": false,
                    "secureInput": false
                },
                "userProperties": [],
                "typeProperties": {
                    "source": {
                        "type": "OracleSource",
                        "oracleReaderQuery": {
                            "value": "SELECT * FROM CUSTOM_PROJECT_DWH.GRM4_F_KPI_DWA WHERE DATE_COD >= @{pipeline().parameters.DATA_VALIDITA_DA} AND DATE_COD <= @{pipeline().parameters.DATA_VALIDITA_A} ",
                            "type": "Expression"
                        },
                        "partitionOption": "None",
                        "queryTimeout": "02:00:00"
                    },
                    "sink": {
                        "type": "ParquetSink",
                        "storeSettings": {
                            "type": "AzureBlobFSWriteSettings"
                        },
                        "formatSettings": {
                            "type": "ParquetWriteSettings"
                        }
                    },
                    "enableStaging": false,
                    "translator": {
                        "type": "TabularTranslator",
                        "mappings": [
                            {
                                "source": {
                                    "name": "COMPANY_COD",
                                    "type": "String"
                                },
                                "sink": {
                                    "name": "COMPANY_COD",
                                    "type": "String",
                                    "physicalType": "UTF8"
                                }
                            },
                            {
                                "source": {
                                    "name": "VENDOR_COD",
                                    "type": "String"
                                },
                                "sink": {
                                    "name": "VENDOR_COD",
                                    "type": "String",
                                    "physicalType": "UTF8"
                                }
                            },
                            {
                                "source": {
                                    "name": "DATE_COD",
                                    "type": "Double"
                                },
                                "sink": {
                                    "name": "DATE_COD",
                                    "type": "Double",
                                    "physicalType": "DOUBLE"
                                }
                            },
                            {
                                "source": {
                                    "name": "MATERIAL_GROUP_COD",
                                    "type": "String"
                                },
                                "sink": {
                                    "name": "MATERIAL_GROUP_COD",
                                    "type": "String",
                                    "physicalType": "UTF8"
                                }
                            },
                            {
                                "source": {
                                    "name": "FATTURATO_VALUTA",
                                    "type": "Double"
                                },
                                "sink": {
                                    "name": "FATTURATO_VALUTA",
                                    "type": "Double",
                                    "physicalType": "DOUBLE"
                                }
                            },
                            {
                                "source": {
                                    "name": "FATTURATO_EURO",
                                    "type": "Double"
                                },
                                "sink": {
                                    "name": "FATTURATO_EURO",
                                    "type": "Double",
                                    "physicalType": "DOUBLE"
                                }
                            },
                            {
                                "source": {
                                    "name": "EXCHANGE_RATE",
                                    "type": "Double"
                                },
                                "sink": {
                                    "name": "EXCHANGE_RATE",
                                    "type": "Double",
                                    "physicalType": "DOUBLE"
                                }
                            },
                            {
                                "source": {
                                    "name": "CURRENCY_COD",
                                    "type": "String"
                                },
                                "sink": {
                                    "name": "CURRENCY_COD",
                                    "type": "String",
                                    "physicalType": "UTF8"
                                }
                            },
                            {
                                "source": {
                                    "name": "SESSION_TAG",
                                    "type": "String"
                                },
                                "sink": {
                                    "name": "SESSION_TAG",
                                    "type": "String",
                                    "physicalType": "UTF8"
                                }
                            },
                            {
                                "source": {
                                    "name": "KEY_VENDOR",
                                    "type": "Double"
                                },
                                "sink": {
                                    "name": "KEY_VENDOR",
                                    "type": "Double",
                                    "physicalType": "DOUBLE"
                                }
                            }
                        ],
                        "typeConversion": true,
                        "typeConversionSettings": {
                            "allowDataTruncation": true,
                            "treatBooleanAsNumber": false
                        }
                    }
                },
                "inputs": [
                    {
                        "referenceName": "DT_ORACLE",
                        "type": "DatasetReference",
                        "parameters": {
                            "schemaIN": "CUSTOM_PROJECT_DWH",
                            "tabellaIN": "GRM4_F_KPI_DWA"
                        }
                    }
                ],
                "outputs": [
                    {
                        "referenceName": "GRM4_FINALISSIMO_PRE_GOLDEN",
                        "type": "DatasetReference"
                    }
                ]
            },
            {
                "name": "Delete1",
                "type": "Delete",
                "dependsOn": [],
                "policy": {
                    "timeout": "0.12:00:00",
                    "retry": 0,
                    "retryIntervalInSeconds": 30,
                    "secureOutput": false,
                    "secureInput": false
                },
                "userProperties": [],
                "typeProperties": {
                    "dataset": {
                        "referenceName": "GRM4_FINALISSIMO_PRE_GOLDEN",
                        "type": "DatasetReference"
                    },
                    "enableLogging": false,
                    "storeSettings": {
                        "type": "AzureBlobFSReadSettings",
                        "recursive": true,
                        "enablePartitionDiscovery": false
                    }
                }
            }
        ],
        "parameters": {
            "DATA_VALIDITA_DA": {
                "type": "Int"
            },
            "DATA_VALIDITA_A": {
                "type": "Int"
            },
            "SESSION_TAG": {
                "type": "int"
            },
            "ANNO": {
                "type": "int"
            }
        },
        "folder": {
            "name": "CAPSTONE_PRJ/GRM4"
        },
        "annotations": [],
        "lastPublishTime": "2024-04-04T09:14:17Z"
    },
    "type": "Microsoft.DataFactory/factories/pipelines"
}