{
    "name": "DF_GRM4_F_KPI_DWE",
    "properties": {
        "folder": {
            "name": "CapstonePRJ/GRM4"
        },
        "type": "MappingDataFlow",
        "typeProperties": {
            "sources": [
                {
                    "dataset": {
                        "referenceName": "GRM4_FINALISSIMO_PRE_GOLDEN",
                        "type": "DatasetReference"
                    },
                    "name": "source1"
                },
                {
                    "dataset": {
                        "referenceName": "GRM4_DT_WT_ECOVADIS_FULL",
                        "type": "DatasetReference"
                    },
                    "name": "source2"
                },
                {
                    "dataset": {
                        "referenceName": "GRM4_DT_T_TRAINING_FINALE",
                        "type": "DatasetReference"
                    },
                    "name": "source3"
                }
            ],
            "sinks": [
                {
                    "dataset": {
                        "referenceName": "GRM4_FINALISSIMO_DWE",
                        "type": "DatasetReference"
                    },
                    "name": "sink1"
                }
            ],
            "transformations": [
                {
                    "name": "select1"
                },
                {
                    "name": "join1"
                },
                {
                    "name": "filter2"
                },
                {
                    "name": "derivedColumn1"
                },
                {
                    "name": "select2"
                },
                {
                    "name": "join2"
                },
                {
                    "name": "filter3"
                },
                {
                    "name": "derivedColumn2"
                },
                {
                    "name": "select3"
                },
                {
                    "name": "derivedColumn3"
                },
                {
                    "name": "derivedColumn4"
                },
                {
                    "name": "window1"
                },
                {
                    "name": "derivedColumn5"
                },
                {
                    "name": "window2"
                },
                {
                    "name": "window3"
                },
                {
                    "name": "derivedColumn6"
                },
                {
                    "name": "select4"
                },
                {
                    "name": "PULIZIANULL"
                },
                {
                    "name": "filter4"
                },
                {
                    "name": "select5"
                }
            ],
            "scriptLines": [
                "parameters{",
                "     DATA_VALIDITA_DA as integer,",
                "     DATA_VALIDITA_A as integer,",
                "     SESSION_TAG as integer,",
                "     ANNO as integer",
                "}",
                "source(output(",
                "          COMPANY_COD as string,",
                "          VENDOR_COD as string,",
                "          DATE_COD as double,",
                "          MATERIAL_GROUP_COD as string,",
                "          FATTURATO_VALUTA as double,",
                "          FATTURATO_EURO as double,",
                "          EXCHANGE_RATE as double,",
                "          CURRENCY_COD as string,",
                "          SESSION_TAG as string,",
                "          KEY_VENDOR as long",
                "     ),",
                "     allowSchemaDrift: true,",
                "     validateSchema: false,",
                "     ignoreNoFilesFound: false,",
                "     format: 'parquet') ~> source1",
                "source(output(",
                "          SCORE as double,",
                "          VENDOR_COD as string,",
                "          SESSION_TAG as string,",
                "          YEAR as integer",
                "     ),",
                "     allowSchemaDrift: true,",
                "     validateSchema: false,",
                "     ignoreNoFilesFound: false,",
                "     format: 'parquet') ~> source2",
                "source(output(",
                "          YEAR_COD as integer,",
                "          COMPANY_COD as string,",
                "          TRAINING_COD as string,",
                "          VENDOR_COD as string,",
                "          SESSION_TAG as integer",
                "     ),",
                "     allowSchemaDrift: true,",
                "     validateSchema: false,",
                "     ignoreNoFilesFound: false,",
                "     format: 'parquet') ~> source3",
                "source1 select(mapColumn(",
                "          COMPANY_COD,",
                "          DATE_COD,",
                "          MATERIAL_GROUP_COD,",
                "          FATTURATO_VALUTA,",
                "          VENDOR_COD,",
                "          SESSION_TAG,",
                "          FATTURATO_EURO,",
                "          KEY_VENDOR",
                "     ),",
                "     skipDuplicateMapInputs: true,",
                "     skipDuplicateMapOutputs: true) ~> select1",
                "select1, filter4 join(select1@VENDOR_COD == source2@VENDOR_COD,",
                "     joinType:'left',",
                "     matchType:'exact',",
                "     ignoreSpaces: false,",
                "     broadcast: 'auto')~> join1",
                "join1 filter(FATTURATO_EURO > 0) ~> filter2",
                "filter2 derive(FLAG_ECOVADIS = iif(isNull (source2@VENDOR_COD), 0, 1)) ~> derivedColumn1",
                "derivedColumn1 select(mapColumn(",
                "          COMPANY_COD,",
                "          DATE_COD,",
                "          MATERIAL_GROUP_COD,",
                "          FATTURATO_VALUTA,",
                "          VENDOR_COD = select1@VENDOR_COD,",
                "          SESSION_TAG = select1@SESSION_TAG,",
                "          FATTURATO_EURO,",
                "          SCORE,",
                "          FLAG_ECOVADIS,",
                "          KEY_VENDOR",
                "     ),",
                "     skipDuplicateMapInputs: true,",
                "     skipDuplicateMapOutputs: true) ~> select2",
                "select2, source3 join(select2@VENDOR_COD == source3@VENDOR_COD,",
                "     joinType:'left',",
                "     matchType:'exact',",
                "     ignoreSpaces: false,",
                "     broadcast: 'auto')~> join2",
                "join2 filter(FATTURATO_EURO > 0) ~> filter3",
                "filter3 derive(FLAG_TRAINING = iif(isNull (source3@VENDOR_COD), 0, 1)) ~> derivedColumn2",
                "derivedColumn2 select(mapColumn(",
                "          COMPANY_COD = select2@COMPANY_COD,",
                "          DATE_COD,",
                "          MATERIAL_GROUP_COD,",
                "          FATTURATO_VALUTA,",
                "          VENDOR_COD = select2@VENDOR_COD,",
                "          SESSION_TAG = select2@SESSION_TAG,",
                "          FATTURATO_EURO,",
                "          SCORE,",
                "          FLAG_ECOVADIS,",
                "          FLAG_TRAINING,",
                "          KEY_VENDOR",
                "     ),",
                "     skipDuplicateMapInputs: true,",
                "     skipDuplicateMapOutputs: true) ~> select3",
                "select4 derive(SESSION_TAG = $SESSION_TAG) ~> derivedColumn3",
                "select3 derive(YEAR = $ANNO) ~> derivedColumn4",
                "derivedColumn4 window(over(COMPANY_COD,",
                "          YEAR),",
                "     FATTURATO_TOT = sum(FATTURATO_EURO)) ~> window1",
                "window1 derive(SOGLIA_FATTURATO = FATTURATO_TOT * 0.8) ~> derivedColumn5",
                "derivedColumn5 window(over(YEAR,",
                "          COMPANY_COD),",
                "     desc(FATTURATO_EURO, true),",
                "     RANK = rank()) ~> window2",
                "window2 window(over(YEAR,",
                "          COMPANY_COD),",
                "     asc(RANK, true),",
                "     endRowOffset: 0L,",
                "     FATTURATO_CUMULATO = sum(FATTURATO_EURO),",
                "     rangeSpecified: true) ~> window3",
                "window3 derive(FLAG_STRATEGICO = iif(FATTURATO_CUMULATO <= SOGLIA_FATTURATO,'Y','N')) ~> derivedColumn6",
                "derivedColumn6 select(mapColumn(",
                "          COMPANY_COD,",
                "          DATE_COD,",
                "          MATERIAL_GROUP_COD,",
                "          FATTURATO_VALUTA,",
                "          VENDOR_COD,",
                "          SESSION_TAG,",
                "          FATTURATO_EURO,",
                "          SCORE,",
                "          FLAG_ECOVADIS,",
                "          FLAG_TRAINING,",
                "          YEAR,",
                "          FATTURATO_TOT,",
                "          FLAG_STRATEGICO,",
                "          KEY_VENDOR",
                "     ),",
                "     skipDuplicateMapInputs: true,",
                "     skipDuplicateMapOutputs: true) ~> select4",
                "derivedColumn3 derive(SCORE = coalesce(SCORE, -1)) ~> PULIZIANULL",
                "source2 filter(YEAR == $ANNO) ~> filter4",
                "PULIZIANULL select(mapColumn(",
                "          COMPANY_COD,",
                "          DATE_COD,",
                "          MATERIAL_GROUP_COD,",
                "          FATTURATO_VALUTA,",
                "          VENDOR_COD,",
                "          SESSION_TAG,",
                "          FATTURATO_EURO,",
                "          SCORE,",
                "          FLAG_ECOVADIS,",
                "          FLAG_TRAINING,",
                "          YEAR,",
                "          FATTURATO_TOT,",
                "          FLAG_STRATEGICO,",
                "          KEY_VENDOR",
                "     ),",
                "     skipDuplicateMapInputs: true,",
                "     skipDuplicateMapOutputs: true) ~> select5",
                "select5 sink(allowSchemaDrift: true,",
                "     validateSchema: false,",
                "     format: 'parquet',",
                "     truncate: true,",
                "     umask: 0022,",
                "     preCommands: [],",
                "     postCommands: [],",
                "     skipDuplicateMapInputs: true,",
                "     skipDuplicateMapOutputs: true) ~> sink1"
            ]
        }
    }
}