{
    "name": "GBO03_DIM_CAPOGRUPPO_DWA",
    "properties": {
        "activities": [
            {
                "name": "CAPO_GRUPPO_DWA",
                "type": "ExecuteDataFlow",
                "dependsOn": [],
                "policy": {
                    "timeout": "0.12:00:00",
                    "retry": 0,
                    "retryIntervalInSeconds": 30,
                    "secureOutput": false,
                    "secureInput": false
                },
                "userProperties": [],
                "typeProperties": {
                    "dataflow": {
                        "referenceName": "CAPOGRUPPO_DWA_1",
                        "type": "DataFlowReference",
                        "parameters": {
                            "SESSION_TAG": {
                                "value": "@pipeline().parameters.SESSION_TAG",
                                "type": "Expression"
                            }
                        }
                    },
                    "compute": {
                        "coreCount": 8,
                        "computeType": "General"
                    },
                    "traceLevel": "Fine"
                }
            },
            {
                "name": "CAPOGRUPPODWA",
                "type": "Copy",
                "dependsOn": [
                    {
                        "activity": "CAPO_GRUPPO_DWA",
                        "dependencyConditions": [
                            "Succeeded"
                        ]
                    }
                ],
                "policy": {
                    "timeout": "0.12:00:00",
                    "retry": 0,
                    "retryIntervalInSeconds": 30,
                    "secureOutput": false,
                    "secureInput": false
                },
                "userProperties": [],
                "typeProperties": {
                    "source": {
                        "type": "ParquetSource",
                        "storeSettings": {
                            "type": "AzureBlobFSReadSettings",
                            "recursive": true,
                            "wildcardFileName": "*.parquet",
                            "enablePartitionDiscovery": false
                        },
                        "formatSettings": {
                            "type": "ParquetReadSettings"
                        }
                    },
                    "sink": {
                        "type": "OracleSink",
                        "writeBatchSize": 50000,
                        "preCopyScript": "TRUNCATE TABLE CUSTOM_PROJECT_DWH.GBO03_CAPOGRUPPO_DWA"
                    },
                    "enableStaging": false,
                    "translator": {
                        "type": "TabularTranslator",
                        "typeConversion": true,
                        "typeConversionSettings": {
                            "allowDataTruncation": true,
                            "treatBooleanAsNumber": false
                        }
                    }
                },
                "inputs": [
                    {
                        "referenceName": "CAPOGRUPPO_DWA_1",
                        "type": "DatasetReference"
                    }
                ],
                "outputs": [
                    {
                        "referenceName": "DT_ORACLE",
                        "type": "DatasetReference",
                        "parameters": {
                            "schemaIN": "CUSTOM_PROJECT_DWH",
                            "tabellaIN": "GBO03_CAPOGRUPPO_DWA"
                        }
                    }
                ]
            },
            {
                "name": "Script1",
                "type": "Script",
                "dependsOn": [
                    {
                        "activity": "CAPOGRUPPODWA",
                        "dependencyConditions": [
                            "Succeeded"
                        ]
                    }
                ],
                "policy": {
                    "timeout": "0.12:00:00",
                    "retry": 0,
                    "retryIntervalInSeconds": 30,
                    "secureOutput": false,
                    "secureInput": false
                },
                "userProperties": [],
                "linkedServiceName": {
                    "referenceName": "Oracle",
                    "type": "LinkedServiceReference"
                },
                "typeProperties": {
                    "scripts": [
                        {
                            "type": "Query",
                            "text": "INSERT INTO CUSTOM_PROJECT_DWH.GBO03_CAPOGRUPPO_DWA(GROUP_LEADER_COD) VALUES ('-1')"
                        }
                    ],
                    "scriptBlockExecutionTimeout": "02:00:00"
                }
            }
        ],
        "parameters": {
            "SESSION_TAG": {
                "type": "int"
            }
        },
        "folder": {
            "name": "CAPSTONE_PRJ/GBO03/Silver layer"
        },
        "annotations": [],
        "lastPublishTime": "2024-04-02T13:56:12Z"
    },
    "type": "Microsoft.DataFactory/factories/pipelines"
}