{
    "name": "MASTER_FORNITORI",
    "properties": {
        "activities": [
            {
                "name": "PL_GRM4_DIM_FORNITORI_copy1",
                "type": "ExecutePipeline",
                "dependsOn": [],
                "policy": {
                    "secureInput": false
                },
                "userProperties": [],
                "typeProperties": {
                    "pipeline": {
                        "referenceName": "PL_GRM4_DIM_FORNITORI_copy1",
                        "type": "PipelineReference"
                    },
                    "waitOnCompletion": true,
                    "parameters": {
                        "ANNO": {
                            "value": "@pipeline().parameters.ANNO",
                            "type": "Expression"
                        },
                        "SESSION_TAG": {
                            "value": "@pipeline().parameters.SESSION_TAG",
                            "type": "Expression"
                        }
                    }
                }
            },
            {
                "name": "PL_GRM4_DIM_GROUP_LEADER_DWA_copy1",
                "type": "ExecutePipeline",
                "dependsOn": [
                    {
                        "activity": "PL_GRM4_DIM_FORNITORI_copy1",
                        "dependencyConditions": [
                            "Succeeded"
                        ]
                    }
                ],
                "policy": {
                    "secureInput": false
                },
                "userProperties": [],
                "typeProperties": {
                    "pipeline": {
                        "referenceName": "GBO03_DIM_CAPOGRUPPO_DWA",
                        "type": "PipelineReference"
                    },
                    "waitOnCompletion": true,
                    "parameters": {
                        "SESSION_TAG": {
                            "value": "@pipeline().parameters.SESSION_TAG",
                            "type": "Expression"
                        }
                    }
                }
            },
            {
                "name": "PL_GRM4_WT_DIM_FORNITORI_DWA_copy1",
                "type": "ExecutePipeline",
                "dependsOn": [
                    {
                        "activity": "PL_GRM4_DIM_GROUP_LEADER_DWA_copy1",
                        "dependencyConditions": [
                            "Succeeded"
                        ]
                    }
                ],
                "policy": {
                    "secureInput": false
                },
                "userProperties": [],
                "typeProperties": {
                    "pipeline": {
                        "referenceName": "PL_GRM4_WT_DIM_FORNITORI_DWA_copy1",
                        "type": "PipelineReference"
                    },
                    "waitOnCompletion": true,
                    "parameters": {
                        "SESSION_TAG": {
                            "value": "@pipeline().parameters.SESSION_TAG",
                            "type": "Expression"
                        }
                    }
                }
            },
            {
                "name": "PL_GRM4_DIM_FORNITORI_DWA_copy1",
                "type": "ExecutePipeline",
                "dependsOn": [
                    {
                        "activity": "PL_GRM4_WT_DIM_FORNITORI_DWA_copy1",
                        "dependencyConditions": [
                            "Succeeded"
                        ]
                    }
                ],
                "policy": {
                    "secureInput": false
                },
                "userProperties": [],
                "typeProperties": {
                    "pipeline": {
                        "referenceName": "PL_GRM4_DIM_FORNITORI_DWA_copy1",
                        "type": "PipelineReference"
                    },
                    "waitOnCompletion": true,
                    "parameters": {
                        "DATA_VALIDITA_DA": {
                            "value": "@pipeline().parameters.DATA_VALIDITA_DA",
                            "type": "Expression"
                        },
                        "DATA_VALIDITA_A": {
                            "value": "@pipeline().parameters.DATA_VALIDITA_A",
                            "type": "Expression"
                        }
                    }
                }
            }
        ],
        "parameters": {
            "ANNO": {
                "type": "int"
            },
            "SESSION_TAG": {
                "type": "int"
            },
            "DATA_VALIDITA_DA": {
                "type": "int"
            },
            "DATA_VALIDITA_A": {
                "type": "int"
            }
        },
        "folder": {
            "name": "CAPSTONE_PRJ/GRM4"
        },
        "annotations": [],
        "lastPublishTime": "2024-04-02T13:56:13Z"
    },
    "type": "Microsoft.DataFactory/factories/pipelines"
}