{
    "name": "PL_GRM4_TRAINING_DWA",
    "properties": {
        "activities": [
            {
                "name": "Data flow1",
                "type": "ExecuteDataFlow",
                "dependsOn": [],
                "policy": {
                    "timeout": "0.12:00:00",
                    "retry": 0,
                    "retryIntervalInSeconds": 30,
                    "secureOutput": false,
                    "secureInput": false
                },
                "userProperties": [],
                "typeProperties": {
                    "dataflow": {
                        "referenceName": "DF_GRM4_TRAINING_DWA",
                        "type": "DataFlowReference",
                        "parameters": {
                            "SESSION_TAG": {
                                "value": "@pipeline().parameters.SESSION_TAG",
                                "type": "Expression"
                            },
                            "ANNO": {
                                "value": "@pipeline().parameters.ANNO",
                                "type": "Expression"
                            }
                        }
                    },
                    "compute": {
                        "coreCount": 8,
                        "computeType": "General"
                    },
                    "traceLevel": "Fine"
                }
            },
            {
                "name": "Copy data1",
                "type": "Copy",
                "dependsOn": [
                    {
                        "activity": "Data flow1",
                        "dependencyConditions": [
                            "Succeeded"
                        ]
                    }
                ],
                "policy": {
                    "timeout": "0.12:00:00",
                    "retry": 0,
                    "retryIntervalInSeconds": 30,
                    "secureOutput": false,
                    "secureInput": false
                },
                "userProperties": [],
                "typeProperties": {
                    "source": {
                        "type": "ParquetSource",
                        "storeSettings": {
                            "type": "AzureBlobFSReadSettings",
                            "recursive": true,
                            "wildcardFolderPath": "esempio/GRM4_DT_TRAINING_DWA",
                            "wildcardFileName": "*.parquet",
                            "enablePartitionDiscovery": false
                        },
                        "formatSettings": {
                            "type": "ParquetReadSettings"
                        }
                    },
                    "sink": {
                        "type": "OracleSink",
                        "writeBatchSize": 10000,
                        "preCopyScript": {
                            "value": "DELETE FROM CUSTOM_PROJECT_DWH.GRM4_TRAINING_DWA\nWHERE YEAR_COD = @{pipeline().parameters.ANNO}",
                            "type": "Expression"
                        }
                    },
                    "enableStaging": false,
                    "translator": {
                        "type": "TabularTranslator",
                        "typeConversion": true,
                        "typeConversionSettings": {
                            "allowDataTruncation": true,
                            "treatBooleanAsNumber": false
                        }
                    }
                },
                "inputs": [
                    {
                        "referenceName": "GRM4_DT_TRAINING_DWA",
                        "type": "DatasetReference"
                    }
                ],
                "outputs": [
                    {
                        "referenceName": "DT_ORACLE",
                        "type": "DatasetReference",
                        "parameters": {
                            "schemaIN": "CUSTOM_PROJECT_DWH",
                            "tabellaIN": "GRM4_TRAINING_DWA"
                        }
                    }
                ]
            }
        ],
        "parameters": {
            "SESSION_TAG": {
                "type": "int"
            },
            "ANNO": {
                "type": "int"
            }
        },
        "folder": {
            "name": "CAPSTONE_PRJ/GRM4"
        },
        "annotations": [],
        "lastPublishTime": "2024-03-29T17:32:46Z"
    },
    "type": "Microsoft.DataFactory/factories/pipelines"
}