{
    "name": "GRM4_DT_ODS_SRC_FATTURATO",
    "properties": {
        "linkedServiceName": {
            "referenceName": "AzureDataLakeStorage1",
            "type": "LinkedServiceReference"
        },
        "annotations": [],
        "type": "Parquet",
        "typeProperties": {
            "location": {
                "type": "AzureBlobFSLocation",
                "folderPath": "esempio/GRM4_DT_ODS_SRC_FATTURATO",
                "fileSystem": "studenti-container"
            },
            "compressionCodec": "snappy"
        },
        "schema": [
            {
                "name": "COMPANY_COD",
                "type": "UTF8"
            },
            {
                "name": "DATE_COD",
                "type": "DOUBLE"
            },
            {
                "name": "MATERIAL_GROUP_COD",
                "type": "UTF8"
            },
            {
                "name": "AMOUNT_LC",
                "type": "DOUBLE"
            },
            {
                "name": "VENDOR_COD",
                "type": "UTF8"
            }
        ]
    },
    "type": "Microsoft.DataFactory/factories/datasets"
}