{
    "name": "GRM4_DT_WT_ECOVADIS_FULL",
    "properties": {
        "linkedServiceName": {
            "referenceName": "AzureDataLakeStorage1",
            "type": "LinkedServiceReference"
        },
        "annotations": [],
        "type": "Parquet",
        "typeProperties": {
            "location": {
                "type": "AzureBlobFSLocation",
                "folderPath": "esempio/GRM4_DT_WT_ECOVADIS_FULL",
                "fileSystem": "studenti-container"
            },
            "compressionCodec": "snappy"
        },
        "schema": [
            {
                "name": "SCORE",
                "type": "DOUBLE"
            },
            {
                "name": "VENDOR_COD",
                "type": "UTF8"
            },
            {
                "name": "SESSION_TAG",
                "type": "UTF8"
            },
            {
                "name": "YEAR",
                "type": "INT32"
            }
        ]
    },
    "type": "Microsoft.DataFactory/factories/datasets"
}