{
    "name": "GRM4_DT_ODS_SRC_DIM_GRUPPO_MERCI",
    "properties": {
        "linkedServiceName": {
            "referenceName": "AzureDataLakeStorage1",
            "type": "LinkedServiceReference"
        },
        "folder": {
            "name": "CAPSTONEPRJ/GRM4"
        },
        "annotations": [],
        "type": "Parquet",
        "typeProperties": {
            "location": {
                "type": "AzureBlobFSLocation",
                "folderPath": "esempio/GRM4_DT_ODS_SRC_DIM_GRUPPO_MERCI",
                "fileSystem": "studenti-container"
            },
            "compressionCodec": "snappy"
        },
        "schema": []
    },
    "type": "Microsoft.DataFactory/factories/datasets"
}