{
    "name": "GRM4_FINALISSIMO_PRE_GOLDEN",
    "properties": {
        "linkedServiceName": {
            "referenceName": "AzureDataLakeStorage1",
            "type": "LinkedServiceReference"
        },
        "folder": {
            "name": "CAPSTONEPRJ/GRM4"
        },
        "annotations": [],
        "type": "Parquet",
        "typeProperties": {
            "location": {
                "type": "AzureBlobFSLocation",
                "folderPath": "esempio/GRM4_FINALISSIMO_PRE_GOLDEN",
                "fileSystem": "studenti-container"
            },
            "compressionCodec": "snappy"
        },
        "schema": [
            {
                "name": "COMPANY_COD",
                "type": "UTF8"
            },
            {
                "name": "VENDOR_COD",
                "type": "UTF8"
            },
            {
                "name": "DATE_COD",
                "type": "DOUBLE"
            },
            {
                "name": "MATERIAL_GROUP_COD",
                "type": "UTF8"
            },
            {
                "name": "FATTURATO_VALUTA",
                "type": "DOUBLE"
            },
            {
                "name": "FATTURATO_EURO",
                "type": "DOUBLE"
            },
            {
                "name": "EXCHANGE_RATE",
                "type": "DOUBLE"
            },
            {
                "name": "CURRENCY_COD",
                "type": "UTF8"
            },
            {
                "name": "SESSION_TAG",
                "type": "UTF8"
            },
            {
                "name": "KEY_VENDOR",
                "type": "DOUBLE"
            }
        ]
    },
    "type": "Microsoft.DataFactory/factories/datasets"
}