{
    "name": "PL_GRM4_DIM_COMPANY_DWA",
    "properties": {
        "activities": [
            {
                "name": "DF_GRM4_DIM_COMPANY_DWA",
                "type": "ExecuteDataFlow",
                "dependsOn": [],
                "policy": {
                    "timeout": "0.12:00:00",
                    "retry": 0,
                    "retryIntervalInSeconds": 30,
                    "secureOutput": false,
                    "secureInput": false
                },
                "userProperties": [],
                "typeProperties": {
                    "dataflow": {
                        "referenceName": "DF_GRM4_DIM_COMPANY_DWA",
                        "type": "DataFlowReference",
                        "parameters": {
                            "SESSION_TAG": {
                                "value": "@pipeline().parameters.SESSION_TAG",
                                "type": "Expression"
                            }
                        }
                    },
                    "compute": {
                        "coreCount": 8,
                        "computeType": "General"
                    },
                    "traceLevel": "Fine"
                }
            },
            {
                "name": "Copy data1",
                "type": "Copy",
                "dependsOn": [
                    {
                        "activity": "DF_GRM4_DIM_COMPANY_DWA",
                        "dependencyConditions": [
                            "Succeeded"
                        ]
                    }
                ],
                "policy": {
                    "timeout": "0.12:00:00",
                    "retry": 0,
                    "retryIntervalInSeconds": 30,
                    "secureOutput": false,
                    "secureInput": false
                },
                "userProperties": [],
                "typeProperties": {
                    "source": {
                        "type": "ParquetSource",
                        "storeSettings": {
                            "type": "AzureBlobFSReadSettings",
                            "recursive": true,
                            "wildcardFolderPath": "esempio/GRM4_DT_D_COMPANY_DWA",
                            "wildcardFileName": "*.parquet",
                            "enablePartitionDiscovery": false
                        },
                        "formatSettings": {
                            "type": "ParquetReadSettings"
                        }
                    },
                    "sink": {
                        "type": "OracleSink",
                        "writeBatchSize": 10000,
                        "preCopyScript": "TRUNCATE TABLE CUSTOM_PROJECT_DWH.GRM4_DIM_COMPANY_DWA"
                    },
                    "enableStaging": false,
                    "translator": {
                        "type": "TabularTranslator",
                        "mappings": [
                            {
                                "source": {
                                    "name": "COMPANY_COD",
                                    "type": "String",
                                    "physicalType": "UTF8"
                                },
                                "sink": {
                                    "name": "COMPANY_COD",
                                    "type": "String"
                                }
                            },
                            {
                                "source": {
                                    "name": "COMPANY_DES",
                                    "type": "String",
                                    "physicalType": "UTF8"
                                },
                                "sink": {
                                    "name": "COMPANY_DES",
                                    "type": "String"
                                }
                            },
                            {
                                "source": {
                                    "name": "CURRENCY_COD",
                                    "type": "String",
                                    "physicalType": "UTF8"
                                },
                                "sink": {
                                    "name": "CURRENCY_COD",
                                    "type": "String"
                                }
                            },
                            {
                                "source": {
                                    "name": "COUNTRY_COD",
                                    "type": "String",
                                    "physicalType": "UTF8"
                                },
                                "sink": {
                                    "name": "COUNTRY_COD",
                                    "type": "String"
                                }
                            },
                            {
                                "source": {
                                    "name": "SESSION_TAG",
                                    "type": "Int32",
                                    "physicalType": "INT32"
                                },
                                "sink": {
                                    "name": "SESSION_TAG",
                                    "type": "String"
                                }
                            }
                        ],
                        "typeConversion": true,
                        "typeConversionSettings": {
                            "allowDataTruncation": true,
                            "treatBooleanAsNumber": false
                        }
                    }
                },
                "inputs": [
                    {
                        "referenceName": "GRM4_DT_D_COMPANY_DWA",
                        "type": "DatasetReference"
                    }
                ],
                "outputs": [
                    {
                        "referenceName": "DT_ORACLE",
                        "type": "DatasetReference",
                        "parameters": {
                            "schemaIN": "CUSTOM_PROJECT_DWH",
                            "tabellaIN": "GRM4_DIM_COMPANY_DWA"
                        }
                    }
                ]
            },
            {
                "name": "Script1",
                "type": "Script",
                "dependsOn": [
                    {
                        "activity": "Copy data1",
                        "dependencyConditions": [
                            "Succeeded"
                        ]
                    }
                ],
                "policy": {
                    "timeout": "0.12:00:00",
                    "retry": 0,
                    "retryIntervalInSeconds": 30,
                    "secureOutput": false,
                    "secureInput": false
                },
                "userProperties": [],
                "linkedServiceName": {
                    "referenceName": "Oracle",
                    "type": "LinkedServiceReference"
                },
                "typeProperties": {
                    "scripts": [
                        {
                            "type": "Query",
                            "text": "INSERT INTO CUSTOM_PROJECT_DWH.GRM4_DIM_COMPANY_DWA (COMPANY_COD)\nVALUES('-1')"
                        }
                    ],
                    "scriptBlockExecutionTimeout": "02:00:00"
                }
            }
        ],
        "parameters": {
            "SESSION_TAG": {
                "type": "int"
            }
        },
        "folder": {
            "name": "CAPSTONE_PRJ/GRM4"
        },
        "annotations": [],
        "lastPublishTime": "2024-03-28T12:07:01Z"
    },
    "type": "Microsoft.DataFactory/factories/pipelines"
}