{
    "now": "2024-04-06T15:25:30.822Z",
    "perfNow": 2852138.7000000477,
    "diagnosticCorrelation": "7a2f2959-5a92-4055-b484-f735b7b70274",
    "source": "DownloadSupportFiles",
    "environment": {
        "productName": "adf",
        "buildVersion": "1.0.032924.8",
        "environmentType": 3,
        "resourceName": "iconsultingacademy-df",
        "resourceRegion": "northeurope",
        "resourceGroup": "academy-datafactory-rg",
        "subscriptionId": "3fd5c598-3cc9-4488-9b4c-db3cacf7f585",
        "sessionId": "X4aPXQhZTLbBcFMqQoLrhf",
        "operationId": "",
        "gitType": "live",
        "loggingKey": "b72b9983-e59a-47e7-9851-ae6b2215a3f5"
    },
    "additionalInfo": {
        "selectedResource": "PL_GRM4_WT_TASSI_CAMBIO_FULL",
        "selectedResourceType": "pipeline"
    }
}