{
    "name": "PL_GRM4_DIM_FORNITORI_copy1",
    "properties": {
        "activities": [
            {
                "name": "Copy data_SRC_DIM_FORNITORI",
                "type": "Copy",
                "dependsOn": [
                    {
                        "activity": "Delete1",
                        "dependencyConditions": [
                            "Succeeded"
                        ]
                    }
                ],
                "policy": {
                    "timeout": "0.12:00:00",
                    "retry": 0,
                    "retryIntervalInSeconds": 30,
                    "secureOutput": false,
                    "secureInput": false
                },
                "userProperties": [],
                "typeProperties": {
                    "source": {
                        "type": "OracleSource",
                        "partitionOption": "None",
                        "queryTimeout": "02:00:00"
                    },
                    "sink": {
                        "type": "ParquetSink",
                        "storeSettings": {
                            "type": "AzureBlobFSWriteSettings"
                        },
                        "formatSettings": {
                            "type": "ParquetWriteSettings"
                        }
                    },
                    "enableStaging": false,
                    "translator": {
                        "type": "TabularTranslator",
                        "mappings": [
                            {
                                "source": {
                                    "name": "VENDOR_COD",
                                    "type": "String"
                                },
                                "sink": {
                                    "name": "VENDOR_COD",
                                    "type": "String",
                                    "physicalType": "UTF8"
                                }
                            },
                            {
                                "source": {
                                    "name": "VENDOR_DES",
                                    "type": "String"
                                },
                                "sink": {
                                    "name": "VENDOR_DES",
                                    "type": "String",
                                    "physicalType": "UTF8"
                                }
                            },
                            {
                                "source": {
                                    "name": "GROUP_LEADER_COD",
                                    "type": "String"
                                },
                                "sink": {
                                    "name": "GROUP_LEADER_COD",
                                    "type": "String",
                                    "physicalType": "UTF8"
                                }
                            },
                            {
                                "source": {
                                    "name": "ADDRESS_DES",
                                    "type": "String"
                                },
                                "sink": {
                                    "name": "ADDRESS_DES",
                                    "type": "String",
                                    "physicalType": "UTF8"
                                }
                            }
                        ],
                        "typeConversion": true,
                        "typeConversionSettings": {
                            "allowDataTruncation": true,
                            "treatBooleanAsNumber": false
                        }
                    }
                },
                "inputs": [
                    {
                        "referenceName": "DT_ORACLE",
                        "type": "DatasetReference",
                        "parameters": {
                            "schemaIN": {
                                "value": "CUSTOMER_PROJECT_SRC_@{pipeline().parameters.ANNO}",
                                "type": "Expression"
                            },
                            "tabellaIN": "DIM_FORNITORI"
                        }
                    }
                ],
                "outputs": [
                    {
                        "referenceName": "DT_GRM4_SRC_DIM_FORNITORI",
                        "type": "DatasetReference"
                    }
                ]
            },
            {
                "name": "DF_GRM4_ODS_DIM_FORNITORI",
                "type": "ExecuteDataFlow",
                "dependsOn": [
                    {
                        "activity": "Copy data_SRC_DIM_FORNITORI",
                        "dependencyConditions": [
                            "Succeeded"
                        ]
                    }
                ],
                "policy": {
                    "timeout": "0.12:00:00",
                    "retry": 0,
                    "retryIntervalInSeconds": 30,
                    "secureOutput": false,
                    "secureInput": false
                },
                "userProperties": [],
                "typeProperties": {
                    "dataflow": {
                        "referenceName": "DF_GRM4_ODS_DIM_FORNITORI",
                        "type": "DataFlowReference",
                        "parameters": {
                            "SESSION_TAG": {
                                "value": "@pipeline().parameters.SESSION_TAG",
                                "type": "Expression"
                            }
                        }
                    },
                    "compute": {
                        "coreCount": 8,
                        "computeType": "General"
                    },
                    "traceLevel": "Fine"
                }
            },
            {
                "name": "Delete1",
                "type": "Delete",
                "dependsOn": [],
                "policy": {
                    "timeout": "0.12:00:00",
                    "retry": 0,
                    "retryIntervalInSeconds": 30,
                    "secureOutput": false,
                    "secureInput": false
                },
                "userProperties": [],
                "typeProperties": {
                    "dataset": {
                        "referenceName": "DT_GRM4_SRC_DIM_FORNITORI",
                        "type": "DatasetReference"
                    },
                    "enableLogging": false,
                    "storeSettings": {
                        "type": "AzureBlobFSReadSettings",
                        "recursive": true,
                        "enablePartitionDiscovery": false
                    }
                }
            },
            {
                "name": "Copy data_ODS_sRC_DIM_FORNITORI",
                "type": "Copy",
                "dependsOn": [
                    {
                        "activity": "DF_GRM4_ODS_DIM_FORNITORI",
                        "dependencyConditions": [
                            "Succeeded"
                        ]
                    }
                ],
                "policy": {
                    "timeout": "0.12:00:00",
                    "retry": 0,
                    "retryIntervalInSeconds": 30,
                    "secureOutput": false,
                    "secureInput": false
                },
                "userProperties": [],
                "typeProperties": {
                    "source": {
                        "type": "ParquetSource",
                        "storeSettings": {
                            "type": "AzureBlobFSReadSettings",
                            "recursive": true,
                            "wildcardFolderPath": "esempio/GRM4_DT_D_FORNITORI",
                            "wildcardFileName": "*.parquet",
                            "enablePartitionDiscovery": false
                        },
                        "formatSettings": {
                            "type": "ParquetReadSettings"
                        }
                    },
                    "sink": {
                        "type": "OracleSink",
                        "writeBatchSize": 50000,
                        "preCopyScript": "TRUNCATE TABLE CUSTOM_PROJECT_DWH.GRM4_ODS_SRC_DIM_FORNITORI"
                    },
                    "enableStaging": false,
                    "translator": {
                        "type": "TabularTranslator",
                        "mappings": [
                            {
                                "source": {
                                    "name": "VENDOR_COD",
                                    "type": "String",
                                    "physicalType": "UTF8"
                                },
                                "sink": {
                                    "name": "VENDOR_COD",
                                    "type": "String"
                                }
                            },
                            {
                                "source": {
                                    "name": "VENDOR_DES",
                                    "type": "String",
                                    "physicalType": "UTF8"
                                },
                                "sink": {
                                    "name": "VENDOR_DES",
                                    "type": "String"
                                }
                            },
                            {
                                "source": {
                                    "name": "GROUP_LEADER_COD",
                                    "type": "String",
                                    "physicalType": "UTF8"
                                },
                                "sink": {
                                    "name": "GROUP_LEADER_COD",
                                    "type": "String"
                                }
                            },
                            {
                                "source": {
                                    "name": "ADDRESS_DES",
                                    "type": "String",
                                    "physicalType": "UTF8"
                                },
                                "sink": {
                                    "name": "ADDRESS_DES",
                                    "type": "String"
                                }
                            },
                            {
                                "source": {
                                    "name": "SESSION_TAG",
                                    "type": "Int32",
                                    "physicalType": "INT32"
                                },
                                "sink": {
                                    "name": "SESSION_TAG",
                                    "type": "String"
                                }
                            }
                        ],
                        "typeConversion": true,
                        "typeConversionSettings": {
                            "allowDataTruncation": true,
                            "treatBooleanAsNumber": false
                        }
                    }
                },
                "inputs": [
                    {
                        "referenceName": "GRM4_DT_D_FORNITORI",
                        "type": "DatasetReference"
                    }
                ],
                "outputs": [
                    {
                        "referenceName": "DT_ORACLE",
                        "type": "DatasetReference",
                        "parameters": {
                            "schemaIN": "CUSTOM_PROJECT_DWH",
                            "tabellaIN": "GRM4_ODS_SRC_DIM_FORNITORI"
                        }
                    }
                ]
            }
        ],
        "parameters": {
            "ANNO": {
                "type": "int"
            },
            "SESSION_TAG": {
                "type": "int"
            }
        },
        "folder": {
            "name": "CAPSTONE_PRJ/GRM4"
        },
        "annotations": [],
        "lastPublishTime": "2024-03-29T13:47:58Z"
    },
    "type": "Microsoft.DataFactory/factories/pipelines"
}