{
    "name": "PL_GRM4_WT_TASSI_CAMBIO_FULL",
    "properties": {
        "activities": [
            {
                "name": "Copy data1",
                "type": "Copy",
                "dependsOn": [
                    {
                        "activity": "Delete1",
                        "dependencyConditions": [
                            "Succeeded"
                        ]
                    }
                ],
                "policy": {
                    "timeout": "0.12:00:00",
                    "retry": 0,
                    "retryIntervalInSeconds": 30,
                    "secureOutput": false,
                    "secureInput": false
                },
                "userProperties": [],
                "typeProperties": {
                    "source": {
                        "type": "OracleSource",
                        "partitionOption": "None",
                        "queryTimeout": "02:00:00"
                    },
                    "sink": {
                        "type": "ParquetSink",
                        "storeSettings": {
                            "type": "AzureBlobFSWriteSettings"
                        },
                        "formatSettings": {
                            "type": "ParquetWriteSettings"
                        }
                    },
                    "enableStaging": false,
                    "translator": {
                        "type": "TabularTranslator",
                        "mappings": [
                            {
                                "source": {
                                    "name": "CURRENCY_COD",
                                    "type": "String"
                                },
                                "sink": {
                                    "name": "CURRENCY_COD",
                                    "type": "String",
                                    "physicalType": "UTF8"
                                }
                            },
                            {
                                "source": {
                                    "name": "PERIOD_COD",
                                    "type": "Double"
                                },
                                "sink": {
                                    "name": "PERIOD_COD",
                                    "type": "Double",
                                    "physicalType": "DOUBLE"
                                }
                            },
                            {
                                "source": {
                                    "name": "EXCHANGE_RATE",
                                    "type": "Double"
                                },
                                "sink": {
                                    "name": "EXCHANGE_RATE",
                                    "type": "Double",
                                    "physicalType": "DOUBLE"
                                }
                            },
                            {
                                "source": {
                                    "name": "KEY_TASSI_CAMBIO",
                                    "type": "String"
                                },
                                "sink": {
                                    "name": "KEY_TASSI_CAMBIO",
                                    "type": "String",
                                    "physicalType": "UTF8"
                                }
                            },
                            {
                                "source": {
                                    "name": "SESSION_TAG",
                                    "type": "String"
                                },
                                "sink": {
                                    "name": "SESSION_TAG",
                                    "type": "String",
                                    "physicalType": "UTF8"
                                }
                            }
                        ],
                        "typeConversion": true,
                        "typeConversionSettings": {
                            "allowDataTruncation": true,
                            "treatBooleanAsNumber": false
                        }
                    }
                },
                "inputs": [
                    {
                        "referenceName": "DT_ORACLE",
                        "type": "DatasetReference",
                        "parameters": {
                            "schemaIN": "CUSTOM_PROJECT_DWH",
                            "tabellaIN": "GRM4_WT_TASSI_CAMBIO"
                        }
                    }
                ],
                "outputs": [
                    {
                        "referenceName": "GRM4_WT_ODS_TASSI_CAMBIO_FULL",
                        "type": "DatasetReference"
                    }
                ]
            },
            {
                "name": "Delete1",
                "type": "Delete",
                "dependsOn": [],
                "policy": {
                    "timeout": "0.12:00:00",
                    "retry": 0,
                    "retryIntervalInSeconds": 30,
                    "secureOutput": false,
                    "secureInput": false
                },
                "userProperties": [],
                "typeProperties": {
                    "dataset": {
                        "referenceName": "GRM4_WT_ODS_TASSI_CAMBIO_FULL",
                        "type": "DatasetReference"
                    },
                    "enableLogging": false,
                    "storeSettings": {
                        "type": "AzureBlobFSReadSettings",
                        "recursive": true,
                        "enablePartitionDiscovery": false
                    }
                }
            },
            {
                "name": "Data flow1",
                "type": "ExecuteDataFlow",
                "dependsOn": [
                    {
                        "activity": "Copy data1",
                        "dependencyConditions": [
                            "Succeeded"
                        ]
                    }
                ],
                "policy": {
                    "timeout": "0.12:00:00",
                    "retry": 0,
                    "retryIntervalInSeconds": 30,
                    "secureOutput": false,
                    "secureInput": false
                },
                "userProperties": [],
                "typeProperties": {
                    "dataflow": {
                        "referenceName": "DF_GRM4_WT_TASSI_CAMBIO_FULL",
                        "type": "DataFlowReference"
                    },
                    "compute": {
                        "coreCount": 8,
                        "computeType": "General"
                    },
                    "traceLevel": "Fine"
                }
            },
            {
                "name": "Copy data2",
                "type": "Copy",
                "dependsOn": [
                    {
                        "activity": "Data flow1",
                        "dependencyConditions": [
                            "Succeeded"
                        ]
                    }
                ],
                "policy": {
                    "timeout": "0.12:00:00",
                    "retry": 0,
                    "retryIntervalInSeconds": 30,
                    "secureOutput": false,
                    "secureInput": false
                },
                "userProperties": [],
                "typeProperties": {
                    "source": {
                        "type": "ParquetSource",
                        "storeSettings": {
                            "type": "AzureBlobFSReadSettings",
                            "recursive": true,
                            "wildcardFolderPath": "esempio/DT_GRM4_WT_TASSI_CAMBIO2",
                            "wildcardFileName": "*.parquet",
                            "enablePartitionDiscovery": false
                        },
                        "formatSettings": {
                            "type": "ParquetReadSettings"
                        }
                    },
                    "sink": {
                        "type": "OracleSink",
                        "writeBatchSize": 10000
                    },
                    "enableStaging": false,
                    "translator": {
                        "type": "TabularTranslator",
                        "typeConversion": true,
                        "typeConversionSettings": {
                            "allowDataTruncation": true,
                            "treatBooleanAsNumber": false
                        }
                    }
                },
                "inputs": [
                    {
                        "referenceName": "DT_GRM4_WT_TASSI_CAMBIO2",
                        "type": "DatasetReference"
                    }
                ],
                "outputs": [
                    {
                        "referenceName": "DT_ORACLE",
                        "type": "DatasetReference",
                        "parameters": {
                            "schemaIN": "CUSTOM_PROJECT_DWH",
                            "tabellaIN": "GRM4_WT_TASSI_CAMBIO_FULL"
                        }
                    }
                ]
            }
        ],
        "folder": {
            "name": "CAPSTONE_PRJ/GRM4"
        },
        "annotations": [],
        "lastPublishTime": "2024-03-28T23:57:31Z"
    },
    "type": "Microsoft.DataFactory/factories/pipelines"
}