{
    "now": "2024-04-06T15:24:38.560Z",
    "perfNow": 2799876.5,
    "diagnosticCorrelation": "4cce4cbf-de6e-4cbb-a3e8-e77c2db6f7f9",
    "source": "DownloadSupportFiles",
    "environment": {
        "productName": "adf",
        "buildVersion": "1.0.032924.8",
        "environmentType": 3,
        "resourceName": "iconsultingacademy-df",
        "resourceRegion": "northeurope",
        "resourceGroup": "academy-datafactory-rg",
        "subscriptionId": "3fd5c598-3cc9-4488-9b4c-db3cacf7f585",
        "sessionId": "X4aPXQhZTLbBcFMqQoLrhf",
        "operationId": "",
        "gitType": "live",
        "loggingKey": "b72b9983-e59a-47e7-9851-ae6b2215a3f5"
    },
    "additionalInfo": {
        "selectedResource": "PL_GRM4_WT_ECOVADIS_FULL",
        "selectedResourceType": "pipeline"
    }
}