{
    "name": "DF_GRM4_WT_DIM_FORNITORI_DWA",
    "properties": {
        "folder": {
            "name": "CapstonePRJ/GRM4"
        },
        "type": "MappingDataFlow",
        "typeProperties": {
            "sources": [
                {
                    "dataset": {
                        "referenceName": "GRM4_DT_D_FORNITORI",
                        "type": "DatasetReference"
                    },
                    "name": "source1"
                },
                {
                    "dataset": {
                        "referenceName": "GRM4_DT_GROUP_LEADER_DWA",
                        "type": "DatasetReference"
                    },
                    "name": "source2"
                },
                {
                    "dataset": {
                        "referenceName": "GRM4_DT_DIM_FORNITORI_DWA",
                        "type": "DatasetReference"
                    },
                    "name": "source3"
                }
            ],
            "sinks": [
                {
                    "dataset": {
                        "referenceName": "GRM4_WT_DT_DIM_FORNITORI_DWA_3",
                        "type": "DatasetReference"
                    },
                    "name": "sink1"
                }
            ],
            "transformations": [
                {
                    "name": "select1"
                },
                {
                    "name": "join1"
                },
                {
                    "name": "VALORINULL"
                },
                {
                    "name": "select2"
                },
                {
                    "name": "DISTINCT"
                },
                {
                    "name": "CHECKPK"
                },
                {
                    "name": "CHECKPKOK"
                },
                {
                    "name": "join2"
                },
                {
                    "name": "select3"
                },
                {
                    "name": "CHECKFK"
                },
                {
                    "name": "COALESCE"
                },
                {
                    "name": "select4"
                },
                {
                    "name": "surrogateKey1"
                },
                {
                    "name": "FLAGINS"
                },
                {
                    "name": "join4"
                },
                {
                    "name": "LETTURATAG"
                },
                {
                    "name": "select5"
                },
                {
                    "name": "filter1"
                }
            ],
            "scriptLines": [
                "parameters{",
                "     SESSION_TAG as integer",
                "}",
                "source(output(",
                "          VENDOR_COD as string,",
                "          VENDOR_DES as string,",
                "          GROUP_LEADER_COD as string,",
                "          ADDRESS_DES as string,",
                "          SESSION_TAG as integer",
                "     ),",
                "     allowSchemaDrift: true,",
                "     validateSchema: false,",
                "     ignoreNoFilesFound: false,",
                "     format: 'parquet') ~> source1",
                "source(output(",
                "          GROUP_LEADER_COD as string,",
                "          GROUP_LEADER_DES as string,",
                "          ADDRESS_DES as string,",
                "          SESSION_TAG as integer",
                "     ),",
                "     allowSchemaDrift: true,",
                "     validateSchema: false,",
                "     ignoreNoFilesFound: false,",
                "     format: 'parquet') ~> source2",
                "source(output(",
                "          KEY_VENDOR as string,",
                "          VENDOR_COD as string,",
                "          VENDOR_DES as string,",
                "          GROUP_LEADER_COD as string,",
                "          ADDRESS_DES as string,",
                "          SESSION_TAG as string,",
                "          FLAG_ATTIVO as string,",
                "          DATA_VALIDITA_DA as string,",
                "          DATA_VALIDITA_A as string",
                "     ),",
                "     allowSchemaDrift: true,",
                "     validateSchema: false,",
                "     ignoreNoFilesFound: false,",
                "     format: 'parquet') ~> source3",
                "LETTURATAG select(mapColumn(",
                "          VENDOR_COD,",
                "          VENDOR_DES,",
                "          GROUP_LEADER_COD,",
                "          ADDRESS_DES,",
                "          SESSION_TAG",
                "     ),",
                "     skipDuplicateMapInputs: true,",
                "     skipDuplicateMapOutputs: true) ~> select1",
                "DISTINCT, source1 join(DISTINCT@VENDOR_COD == source1@GROUP_LEADER_COD,",
                "     joinType:'left',",
                "     matchType:'exact',",
                "     ignoreSpaces: false,",
                "     broadcast: 'auto')~> join1",
                "join1 filter(isNull(source1@GROUP_LEADER_COD)) ~> VALORINULL",
                "VALORINULL select(mapColumn(",
                "          VENDOR_COD = DISTINCT@VENDOR_COD,",
                "          VENDOR_DES = DISTINCT@VENDOR_DES,",
                "          GROUP_LEADER_COD = DISTINCT@GROUP_LEADER_COD,",
                "          ADDRESS_DES = DISTINCT@ADDRESS_DES,",
                "          SESSION_TAG = DISTINCT@SESSION_TAG,",
                "          VENDOR_COD = source1@VENDOR_COD,",
                "          VENDOR_DES = source1@VENDOR_DES,",
                "          GROUP_LEADER_COD = source1@GROUP_LEADER_COD,",
                "          ADDRESS_DES = source1@ADDRESS_DES,",
                "          SESSION_TAG = source1@SESSION_TAG",
                "     ),",
                "     skipDuplicateMapInputs: true,",
                "     skipDuplicateMapOutputs: true) ~> select2",
                "select1 aggregate(groupBy(VENDOR_COD),",
                "     each(match(name!=\"VENDOR_COD\"), $$ = first($$))) ~> DISTINCT",
                "select2 aggregate(groupBy(VENDOR_COD),",
                "     COUNT = count(VENDOR_COD)) ~> CHECKPK",
                "CHECKPK filter(COUNT == 1) ~> CHECKPKOK",
                "CHECKPKOK, select2 join(CHECKPK@VENDOR_COD == select2@VENDOR_COD,",
                "     joinType:'inner',",
                "     matchType:'exact',",
                "     ignoreSpaces: false,",
                "     broadcast: 'auto')~> join2",
                "join2 select(mapColumn(",
                "          VENDOR_COD = CHECKPK@VENDOR_COD,",
                "          VENDOR_COD = select2@VENDOR_COD,",
                "          VENDOR_DES,",
                "          GROUP_LEADER_COD,",
                "          ADDRESS_DES,",
                "          SESSION_TAG",
                "     ),",
                "     skipDuplicateMapInputs: true,",
                "     skipDuplicateMapOutputs: true) ~> select3",
                "select3, source2 join(select3@GROUP_LEADER_COD == source2@GROUP_LEADER_COD,",
                "     joinType:'left',",
                "     matchType:'exact',",
                "     ignoreSpaces: false,",
                "     broadcast: 'auto')~> CHECKFK",
                "CHECKFK derive(GROUP_LEADER_COD = coalesce(source2@GROUP_LEADER_COD, '-1')) ~> COALESCE",
                "COALESCE select(mapColumn(",
                "          VENDOR_COD,",
                "          VENDOR_DES,",
                "          GROUP_LEADER_COD,",
                "          ADDRESS_DES = select3@ADDRESS_DES,",
                "          SESSION_TAG = select3@SESSION_TAG,",
                "          ADDRESS_DES = source2@ADDRESS_DES,",
                "          SESSION_TAG = source2@SESSION_TAG",
                "     ),",
                "     skipDuplicateMapInputs: true,",
                "     skipDuplicateMapOutputs: true) ~> select4",
                "select4 keyGenerate(output(KEY_VENDOR as long),",
                "     startAt: 1L,",
                "     stepValue: 1L) ~> surrogateKey1",
                "join4 derive(FLAG_INS = iif(isNull(source3@VENDOR_COD), 'I', iif((select4@VENDOR_DES!=source3@VENDOR_DES || \r",
                "select4@GROUP_LEADER_COD!=source3@GROUP_LEADER_COD ||select4@ADDRESS_DES !=source3@ADDRESS_DES), 'U', 'N'))) ~> FLAGINS",
                "surrogateKey1, filter1 join(select4@VENDOR_COD == source3@VENDOR_COD,",
                "     joinType:'left',",
                "     matchType:'exact',",
                "     ignoreSpaces: false,",
                "     broadcast: 'auto')~> join4",
                "source1 filter(SESSION_TAG == $SESSION_TAG) ~> LETTURATAG",
                "FLAGINS select(mapColumn(",
                "          VENDOR_COD = select4@VENDOR_COD,",
                "          VENDOR_DES = select4@VENDOR_DES,",
                "          GROUP_LEADER_COD = select4@GROUP_LEADER_COD,",
                "          ADDRESS_DES = select4@ADDRESS_DES,",
                "          SESSION_TAG = select4@SESSION_TAG,",
                "          KEY_VENDOR = surrogateKey1@KEY_VENDOR,",
                "          KEY_VENDOR = source3@KEY_VENDOR,",
                "          VENDOR_COD = source3@VENDOR_COD,",
                "          VENDOR_DES = source3@VENDOR_DES,",
                "          GROUP_LEADER_COD = source3@GROUP_LEADER_COD,",
                "          ADDRESS_DES = source3@ADDRESS_DES,",
                "          SESSION_TAG = source3@SESSION_TAG,",
                "          FLAG_ATTIVO,",
                "          DATA_VALIDITA_DA,",
                "          DATA_VALIDITA_A,",
                "          FLAG_INS",
                "     ),",
                "     skipDuplicateMapInputs: true,",
                "     skipDuplicateMapOutputs: true) ~> select5",
                "source3 filter(FLAG_ATTIVO == '1') ~> filter1",
                "select5 sink(allowSchemaDrift: true,",
                "     validateSchema: false,",
                "     format: 'parquet',",
                "     truncate: true,",
                "     umask: 0022,",
                "     preCommands: [],",
                "     postCommands: [],",
                "     skipDuplicateMapInputs: true,",
                "     skipDuplicateMapOutputs: true) ~> sink1"
            ]
        }
    }
}