{
    "name": "PL_GRM4_T_TRAINING_DWA",
    "properties": {
        "activities": [
            {
                "name": "CopyT_TRAINING_DWA",
                "type": "Copy",
                "dependsOn": [
                    {
                        "activity": "Delete1",
                        "dependencyConditions": [
                            "Succeeded"
                        ]
                    }
                ],
                "policy": {
                    "timeout": "0.12:00:00",
                    "retry": 0,
                    "retryIntervalInSeconds": 30,
                    "secureOutput": false,
                    "secureInput": false
                },
                "userProperties": [],
                "typeProperties": {
                    "source": {
                        "type": "OracleSource",
                        "partitionOption": "None",
                        "queryTimeout": "02:00:00"
                    },
                    "sink": {
                        "type": "ParquetSink",
                        "storeSettings": {
                            "type": "AzureBlobFSWriteSettings"
                        },
                        "formatSettings": {
                            "type": "ParquetWriteSettings"
                        }
                    },
                    "enableStaging": false,
                    "translator": {
                        "type": "TabularTranslator",
                        "typeConversion": true,
                        "typeConversionSettings": {
                            "allowDataTruncation": true,
                            "treatBooleanAsNumber": false
                        }
                    }
                },
                "inputs": [
                    {
                        "referenceName": "DT_ORACLE",
                        "type": "DatasetReference",
                        "parameters": {
                            "schemaIN": "CUSTOM_PROJECT_DWH",
                            "tabellaIN": "GRM4_T_TRAINING_DWA"
                        }
                    }
                ],
                "outputs": [
                    {
                        "referenceName": "GRM4_T_TRAINING_DWA",
                        "type": "DatasetReference"
                    }
                ]
            },
            {
                "name": "Delete1",
                "type": "Delete",
                "dependsOn": [],
                "policy": {
                    "timeout": "0.12:00:00",
                    "retry": 0,
                    "retryIntervalInSeconds": 30,
                    "secureOutput": false,
                    "secureInput": false
                },
                "userProperties": [],
                "typeProperties": {
                    "dataset": {
                        "referenceName": "GRM4_T_TRAINING_DWA",
                        "type": "DatasetReference"
                    },
                    "enableLogging": false,
                    "storeSettings": {
                        "type": "AzureBlobFSReadSettings",
                        "recursive": true,
                        "enablePartitionDiscovery": false
                    }
                }
            },
            {
                "name": "DF_T_TRAINING_DWA",
                "type": "ExecuteDataFlow",
                "dependsOn": [
                    {
                        "activity": "CopyT_TRAINING_DWA",
                        "dependencyConditions": [
                            "Succeeded"
                        ]
                    }
                ],
                "policy": {
                    "timeout": "0.12:00:00",
                    "retry": 0,
                    "retryIntervalInSeconds": 30,
                    "secureOutput": false,
                    "secureInput": false
                },
                "userProperties": [],
                "typeProperties": {
                    "dataflow": {
                        "referenceName": "DF_T_TRAINING_DWA",
                        "type": "DataFlowReference",
                        "parameters": {
                            "SESSION_TAG": {
                                "value": "@pipeline().parameters.SESSION_TAG",
                                "type": "Expression"
                            }
                        }
                    },
                    "compute": {
                        "coreCount": 8,
                        "computeType": "General"
                    },
                    "traceLevel": "Fine"
                }
            },
            {
                "name": "DF_GRM4_DELTA_TO_PARQ_TRAIN",
                "type": "ExecuteDataFlow",
                "dependsOn": [
                    {
                        "activity": "DF_T_TRAINING_DWA",
                        "dependencyConditions": [
                            "Succeeded"
                        ]
                    }
                ],
                "policy": {
                    "timeout": "0.12:00:00",
                    "retry": 0,
                    "retryIntervalInSeconds": 30,
                    "secureOutput": false,
                    "secureInput": false
                },
                "userProperties": [],
                "typeProperties": {
                    "dataflow": {
                        "referenceName": "DF_GRM4_DELTA_TO_PARQ_TRAIN",
                        "type": "DataFlowReference"
                    },
                    "compute": {
                        "coreCount": 8,
                        "computeType": "General"
                    },
                    "traceLevel": "Fine"
                }
            },
            {
                "name": "Copy data1",
                "type": "Copy",
                "dependsOn": [
                    {
                        "activity": "DF_GRM4_DELTA_TO_PARQ_TRAIN",
                        "dependencyConditions": [
                            "Succeeded"
                        ]
                    }
                ],
                "policy": {
                    "timeout": "0.12:00:00",
                    "retry": 0,
                    "retryIntervalInSeconds": 30,
                    "secureOutput": false,
                    "secureInput": false
                },
                "userProperties": [],
                "typeProperties": {
                    "source": {
                        "type": "ParquetSource",
                        "storeSettings": {
                            "type": "AzureBlobFSReadSettings",
                            "recursive": true,
                            "wildcardFolderPath": "esempio/GRM4_DT_T_TRAINING_FINALE",
                            "wildcardFileName": "*.parquet",
                            "enablePartitionDiscovery": false
                        },
                        "formatSettings": {
                            "type": "ParquetReadSettings"
                        }
                    },
                    "sink": {
                        "type": "OracleSink",
                        "writeBatchSize": 10000
                    },
                    "enableStaging": false,
                    "translator": {
                        "type": "TabularTranslator",
                        "typeConversion": true,
                        "typeConversionSettings": {
                            "allowDataTruncation": true,
                            "treatBooleanAsNumber": false
                        }
                    }
                },
                "inputs": [
                    {
                        "referenceName": "GRM4_DT_T_TRAINING_FINALE",
                        "type": "DatasetReference"
                    }
                ],
                "outputs": [
                    {
                        "referenceName": "DT_ORACLE",
                        "type": "DatasetReference",
                        "parameters": {
                            "schemaIN": "CUSTOM_PROJECT_DWH",
                            "tabellaIN": "GRM4_T_TRAINING_DWA"
                        }
                    }
                ]
            }
        ],
        "parameters": {
            "SESSION_TAG": {
                "type": "int"
            }
        },
        "folder": {
            "name": "CAPSTONE_PRJ/GRM4"
        },
        "annotations": [],
        "lastPublishTime": "2024-04-02T09:13:28Z"
    },
    "type": "Microsoft.DataFactory/factories/pipelines"
}