{
    "now": "2024-04-06T15:20:10.003Z",
    "perfNow": 2531319.600000024,
    "diagnosticCorrelation": "ff7f458d-ce2e-4ff8-98e0-a8a87a39781d",
    "source": "DownloadSupportFiles",
    "environment": {
        "productName": "adf",
        "buildVersion": "1.0.032924.8",
        "environmentType": 3,
        "resourceName": "iconsultingacademy-df",
        "resourceRegion": "northeurope",
        "resourceGroup": "academy-datafactory-rg",
        "subscriptionId": "3fd5c598-3cc9-4488-9b4c-db3cacf7f585",
        "sessionId": "X4aPXQhZTLbBcFMqQoLrhf",
        "operationId": "",
        "gitType": "live",
        "loggingKey": "b72b9983-e59a-47e7-9851-ae6b2215a3f5"
    },
    "additionalInfo": {
        "selectedResource": "PL_GRM4_DIM_GRUPPO_MERCI",
        "selectedResourceType": "pipeline"
    }
}