{
    "name": "DF_GRM4_WT_ECOVADIS_FULL",
    "properties": {
        "folder": {
            "name": "CapstonePRJ/GRM4"
        },
        "type": "MappingDataFlow",
        "typeProperties": {
            "sources": [
                {
                    "dataset": {
                        "referenceName": "GRM4_DT_ECOVADIS_WT",
                        "type": "DatasetReference"
                    },
                    "name": "source1"
                }
            ],
            "sinks": [
                {
                    "dataset": {
                        "referenceName": "GRM4_DT_WT_ECOVADIS_FULL",
                        "type": "DatasetReference"
                    },
                    "name": "sink1"
                }
            ],
            "transformations": [
                {
                    "name": "select1"
                },
                {
                    "name": "select2"
                },
                {
                    "name": "YEAR"
                },
                {
                    "name": "select3"
                },
                {
                    "name": "YEAR2"
                },
                {
                    "name": "union1"
                },
                {
                    "name": "select4"
                },
                {
                    "name": "union2"
                }
            ],
            "scriptLines": [
                "parameters{",
                "     ANNO as integer",
                "}",
                "source(output(",
                "          YEAR_MONTH as double,",
                "          VENDOR_MGM_COD as string,",
                "          SCORE as double,",
                "          VENDOR_COD as string,",
                "          YEAR as integer,",
                "          SESSION_TAG as string",
                "     ),",
                "     allowSchemaDrift: true,",
                "     validateSchema: false,",
                "     ignoreNoFilesFound: false,",
                "     format: 'parquet') ~> source1",
                "source1 select(mapColumn(",
                "          SCORE,",
                "          VENDOR_COD,",
                "          SESSION_TAG",
                "     ),",
                "     skipDuplicateMapInputs: true,",
                "     skipDuplicateMapOutputs: true) ~> select1",
                "source1 select(mapColumn(",
                "          SCORE,",
                "          VENDOR_COD,",
                "          YEAR,",
                "          SESSION_TAG",
                "     ),",
                "     skipDuplicateMapInputs: true,",
                "     skipDuplicateMapOutputs: true) ~> select2",
                "select1 derive(YEAR = $ANNO +1) ~> YEAR",
                "source1 select(mapColumn(",
                "          SCORE,",
                "          VENDOR_COD,",
                "          SESSION_TAG",
                "     ),",
                "     skipDuplicateMapInputs: true,",
                "     skipDuplicateMapOutputs: true) ~> select3",
                "select3 derive(YEAR = $ANNO +2) ~> YEAR2",
                "YEAR2, select2 union(byName: true)~> union1",
                "union1 select(mapColumn(",
                "          SCORE,",
                "          VENDOR_COD,",
                "          SESSION_TAG,",
                "          YEAR",
                "     ),",
                "     skipDuplicateMapInputs: true,",
                "     skipDuplicateMapOutputs: true) ~> select4",
                "select4, YEAR union(byName: true)~> union2",
                "union2 sink(allowSchemaDrift: true,",
                "     validateSchema: false,",
                "     input(",
                "          SCORE as double,",
                "          VENDOR_COD as string,",
                "          SESSION_TAG as string,",
                "          YEAR as integer",
                "     ),",
                "     format: 'parquet',",
                "     truncate: true,",
                "     umask: 0022,",
                "     preCommands: [],",
                "     postCommands: [],",
                "     skipDuplicateMapInputs: true,",
                "     skipDuplicateMapOutputs: true) ~> sink1"
            ]
        }
    }
}