{
    "now": "2024-04-06T15:26:14.908Z",
    "perfNow": 2896224.5,
    "diagnosticCorrelation": "d45ab116-43f7-4f1f-81fb-714be35ceb62",
    "source": "DownloadSupportFiles",
    "environment": {
        "productName": "adf",
        "buildVersion": "1.0.032924.8",
        "environmentType": 3,
        "resourceName": "iconsultingacademy-df",
        "resourceRegion": "northeurope",
        "resourceGroup": "academy-datafactory-rg",
        "subscriptionId": "3fd5c598-3cc9-4488-9b4c-db3cacf7f585",
        "sessionId": "X4aPXQhZTLbBcFMqQoLrhf",
        "operationId": "",
        "gitType": "live",
        "loggingKey": "b72b9983-e59a-47e7-9851-ae6b2215a3f5"
    },
    "additionalInfo": {
        "selectedResource": "pMASTER_PROVA",
        "selectedResourceType": "pipeline"
    }
}