{
    "now": "2024-04-06T15:22:11.548Z",
    "perfNow": 2652864.3000000715,
    "diagnosticCorrelation": "6d5ba53f-11da-4d7c-ac0f-e1faaffdf19b",
    "source": "DownloadSupportFiles",
    "environment": {
        "productName": "adf",
        "buildVersion": "1.0.032924.8",
        "environmentType": 3,
        "resourceName": "iconsultingacademy-df",
        "resourceRegion": "northeurope",
        "resourceGroup": "academy-datafactory-rg",
        "subscriptionId": "3fd5c598-3cc9-4488-9b4c-db3cacf7f585",
        "sessionId": "X4aPXQhZTLbBcFMqQoLrhf",
        "operationId": "",
        "gitType": "live",
        "loggingKey": "b72b9983-e59a-47e7-9851-ae6b2215a3f5"
    },
    "additionalInfo": {
        "selectedResource": "PL_GRM4_ODS_F_KPI",
        "selectedResourceType": "pipeline"
    }
}