{
    "name": "GRM4_DT_DIM_FORNITORI_DWA_FINALE",
    "properties": {
        "linkedServiceName": {
            "referenceName": "AzureDataLakeStorage1",
            "type": "LinkedServiceReference"
        },
        "annotations": [],
        "type": "Parquet",
        "typeProperties": {
            "location": {
                "type": "AzureBlobFSLocation",
                "folderPath": "esempio/GRM4_DT_DIM_FORNITORI_DWA_FINALE",
                "fileSystem": "studenti-container"
            },
            "compressionCodec": "snappy"
        },
        "schema": [
            {
                "name": "VENDOR_COD",
                "type": "UTF8"
            },
            {
                "name": "VENDOR_DES",
                "type": "UTF8"
            },
            {
                "name": "GROUP_LEADER_COD",
                "type": "UTF8"
            },
            {
                "name": "ADDRESS_DES",
                "type": "UTF8"
            },
            {
                "name": "SESSION_TAG",
                "type": "INT32"
            },
            {
                "name": "KEY_VENDOR",
                "type": "INT64"
            },
            {
                "name": "FLAG_ATTIVO",
                "type": "UTF8"
            },
            {
                "name": "DATA_VALIDITA_DA",
                "type": "INT32"
            },
            {
                "name": "DATA_VALIDITA_A",
                "type": "INT32"
            }
        ]
    },
    "type": "Microsoft.DataFactory/factories/datasets"
}