{
    "name": "PL_GRM4_ODS_TASSI_CAMBIO",
    "properties": {
        "activities": [
            {
                "name": "Copy data1",
                "type": "Copy",
                "dependsOn": [],
                "policy": {
                    "timeout": "0.12:00:00",
                    "retry": 0,
                    "retryIntervalInSeconds": 30,
                    "secureOutput": false,
                    "secureInput": false
                },
                "userProperties": [],
                "typeProperties": {
                    "source": {
                        "type": "OracleSource",
                        "oracleReaderQuery": {
                            "value": "SELECT * FROM CUSTOMER_PROJECT_SRC_@{pipeline().parameters.ANNO}.TASSI_CAMBIO WHERE PERIOD_COD >= @{pipeline().parameters.DATA_VALIDITA_DA} AND PERIOD_COD <= @{pipeline().parameters.DATA_VALIDITA_A} ",
                            "type": "Expression"
                        },
                        "partitionOption": "None",
                        "convertDecimalToInteger": false,
                        "queryTimeout": "02:00:00"
                    },
                    "sink": {
                        "type": "OracleSink",
                        "writeBatchSize": 10000,
                        "preCopyScript": {
                            "value": "DELETE \nFROM CUSTOM_PROJECT_DWH.GRM4_ODS_SRC_TASSI_CAMBIO\nWHERE PERIOD_COD  >= @{pipeline().parameters.DATA_VALIDITA_DA} AND PERIOD_COD <= @{pipeline().parameters.DATA_VALIDITA_A} ",
                            "type": "Expression"
                        }
                    },
                    "enableStaging": false,
                    "translator": {
                        "type": "TabularTranslator",
                        "mappings": [
                            {
                                "source": {
                                    "name": "CURRENCY_COD",
                                    "type": "String"
                                },
                                "sink": {
                                    "name": "CURRENCY_COD",
                                    "type": "String",
                                    "physicalType": "UTF8"
                                }
                            },
                            {
                                "source": {
                                    "name": "PERIOD_COD",
                                    "type": "Double"
                                },
                                "sink": {
                                    "name": "PERIOD_COD",
                                    "type": "Double",
                                    "physicalType": "DOUBLE"
                                }
                            },
                            {
                                "source": {
                                    "name": "EXCHANGE_RATE",
                                    "type": "Double"
                                },
                                "sink": {
                                    "name": "EXCHANGE_RATE",
                                    "type": "Double",
                                    "physicalType": "DOUBLE"
                                }
                            }
                        ],
                        "typeConversion": true,
                        "typeConversionSettings": {
                            "allowDataTruncation": true,
                            "treatBooleanAsNumber": false
                        }
                    }
                },
                "inputs": [
                    {
                        "referenceName": "DT_ORACLE",
                        "type": "DatasetReference",
                        "parameters": {
                            "schemaIN": {
                                "value": "CUSTOMER_PROJECT_SRC_@{pipeline().parameters.ANNO}",
                                "type": "Expression"
                            },
                            "tabellaIN": "TASSI_CAMBIO"
                        }
                    }
                ],
                "outputs": [
                    {
                        "referenceName": "DT_ORACLE",
                        "type": "DatasetReference",
                        "parameters": {
                            "schemaIN": "CUSTOM_PROJECT_DWH",
                            "tabellaIN": "GRM4_ODS_SRC_TASSI_CAMBIO"
                        }
                    }
                ]
            },
            {
                "name": "Delete1",
                "type": "Delete",
                "dependsOn": [
                    {
                        "activity": "Copy data1",
                        "dependencyConditions": [
                            "Succeeded"
                        ]
                    }
                ],
                "policy": {
                    "timeout": "0.12:00:00",
                    "retry": 0,
                    "retryIntervalInSeconds": 30,
                    "secureOutput": false,
                    "secureInput": false
                },
                "userProperties": [],
                "typeProperties": {
                    "dataset": {
                        "referenceName": "GRM4_DT_ODS_SRC_TASSI_CAMBIO_NEW",
                        "type": "DatasetReference"
                    },
                    "enableLogging": false,
                    "storeSettings": {
                        "type": "AzureBlobFSReadSettings",
                        "recursive": true,
                        "enablePartitionDiscovery": false
                    }
                }
            },
            {
                "name": "Copy data2",
                "type": "Copy",
                "dependsOn": [
                    {
                        "activity": "Delete1",
                        "dependencyConditions": [
                            "Succeeded"
                        ]
                    }
                ],
                "policy": {
                    "timeout": "0.12:00:00",
                    "retry": 0,
                    "retryIntervalInSeconds": 30,
                    "secureOutput": false,
                    "secureInput": false
                },
                "userProperties": [],
                "typeProperties": {
                    "source": {
                        "type": "OracleSource",
                        "partitionOption": "None",
                        "queryTimeout": "02:00:00"
                    },
                    "sink": {
                        "type": "ParquetSink",
                        "storeSettings": {
                            "type": "AzureBlobFSWriteSettings"
                        },
                        "formatSettings": {
                            "type": "ParquetWriteSettings"
                        }
                    },
                    "enableStaging": false,
                    "translator": {
                        "type": "TabularTranslator",
                        "typeConversion": true,
                        "typeConversionSettings": {
                            "allowDataTruncation": true,
                            "treatBooleanAsNumber": false
                        }
                    }
                },
                "inputs": [
                    {
                        "referenceName": "DT_ORACLE",
                        "type": "DatasetReference",
                        "parameters": {
                            "schemaIN": "CUSTOM_PROJECT_DWH",
                            "tabellaIN": "GRM4_ODS_SRC_TASSI_CAMBIO"
                        }
                    }
                ],
                "outputs": [
                    {
                        "referenceName": "GRM4_DT_ODS_SRC_TASSI_CAMBIO_NEW",
                        "type": "DatasetReference"
                    }
                ]
            }
        ],
        "parameters": {
            "ANNO": {
                "type": "int"
            },
            "DATA_VALIDITA_DA": {
                "type": "int"
            },
            "DATA_VALIDITA_A": {
                "type": "int"
            }
        },
        "folder": {
            "name": "CAPSTONE_PRJ/GRM4"
        },
        "annotations": [],
        "lastPublishTime": "2024-03-28T18:52:49Z"
    },
    "type": "Microsoft.DataFactory/factories/pipelines"
}