{
    "name": "PL_GRM4_WT_TASSI_CAMBIO",
    "properties": {
        "activities": [
            {
                "name": "DF_GRM4_WT_TASSI_CAMBIO",
                "type": "ExecuteDataFlow",
                "dependsOn": [],
                "policy": {
                    "timeout": "0.12:00:00",
                    "retry": 0,
                    "retryIntervalInSeconds": 30,
                    "secureOutput": false,
                    "secureInput": false
                },
                "userProperties": [],
                "typeProperties": {
                    "dataflow": {
                        "referenceName": "DF_GRM4_WT_TASSI_CAMBIO",
                        "type": "DataFlowReference",
                        "parameters": {
                            "SESSION_TAG": {
                                "value": "@pipeline().parameters.SESSION_TAG",
                                "type": "Expression"
                            },
                            "DATA_VALIDITA_DA": {
                                "value": "@pipeline().parameters.DATA_VALIDITA_DA",
                                "type": "Expression"
                            },
                            "DATA_VALIDITA_A": {
                                "value": "@pipeline().parameters.DATA_VALIDITA_A",
                                "type": "Expression"
                            }
                        }
                    },
                    "compute": {
                        "coreCount": 8,
                        "computeType": "General"
                    },
                    "traceLevel": "Fine"
                }
            },
            {
                "name": "Copy data1",
                "type": "Copy",
                "dependsOn": [
                    {
                        "activity": "DF_GRM4_WT_TASSI_CAMBIO",
                        "dependencyConditions": [
                            "Succeeded"
                        ]
                    }
                ],
                "policy": {
                    "timeout": "0.12:00:00",
                    "retry": 0,
                    "retryIntervalInSeconds": 30,
                    "secureOutput": false,
                    "secureInput": false
                },
                "userProperties": [],
                "typeProperties": {
                    "source": {
                        "type": "ParquetSource",
                        "storeSettings": {
                            "type": "AzureBlobFSReadSettings",
                            "recursive": true,
                            "wildcardFolderPath": "esempio/GRM4_DT_WT_TASSI_CAMBIO",
                            "wildcardFileName": "*.parquet",
                            "enablePartitionDiscovery": false
                        },
                        "formatSettings": {
                            "type": "ParquetReadSettings"
                        }
                    },
                    "sink": {
                        "type": "OracleSink",
                        "writeBatchSize": 10000,
                        "preCopyScript": {
                            "value": "DELETE \nFROM CUSTOM_PROJECT_DWH.GRM4_WT_TASSI_CAMBIO\nWHERE PERIOD_COD  >= @{pipeline().parameters.DATA_VALIDITA_DA} AND PERIOD_COD <= @{pipeline().parameters.DATA_VALIDITA_A} ",
                            "type": "Expression"
                        }
                    },
                    "enableStaging": false,
                    "translator": {
                        "type": "TabularTranslator",
                        "typeConversion": true,
                        "typeConversionSettings": {
                            "allowDataTruncation": true,
                            "treatBooleanAsNumber": false
                        }
                    }
                },
                "inputs": [
                    {
                        "referenceName": "GRM4_DT_WT_TASSI_CAMBIO",
                        "type": "DatasetReference"
                    }
                ],
                "outputs": [
                    {
                        "referenceName": "DT_ORACLE",
                        "type": "DatasetReference",
                        "parameters": {
                            "schemaIN": "CUSTOM_PROJECT_DWH",
                            "tabellaIN": "GRM4_WT_TASSI_CAMBIO"
                        }
                    }
                ]
            }
        ],
        "parameters": {
            "SESSION_TAG": {
                "type": "int"
            },
            "DATA_VALIDITA_DA": {
                "type": "int"
            },
            "DATA_VALIDITA_A": {
                "type": "int"
            }
        },
        "folder": {
            "name": "CAPSTONE_PRJ/GRM4"
        },
        "annotations": [],
        "lastPublishTime": "2024-03-28T18:43:53Z"
    },
    "type": "Microsoft.DataFactory/factories/pipelines"
}