{
    "name": "PL_MASTER_GRM4",
    "properties": {
        "activities": [
            {
                "name": "PL_GRM4_DIM_GRUPPO_MERCI",
                "type": "ExecutePipeline",
                "dependsOn": [],
                "policy": {
                    "secureInput": false
                },
                "userProperties": [],
                "typeProperties": {
                    "pipeline": {
                        "referenceName": "PL_GRM4_DIM_GRUPPO_MERCI",
                        "type": "PipelineReference"
                    },
                    "waitOnCompletion": true,
                    "parameters": {
                        "ANNO": {
                            "value": "@pipeline().parameters.ANNO",
                            "type": "Expression"
                        },
                        "SESSION_TAG": {
                            "value": "@pipeline().parameters.SESSION_TAG",
                            "type": "Expression"
                        }
                    }
                }
            },
            {
                "name": "PL_GRM4_DIM_GRUPPO_MERCI_DWA",
                "type": "ExecutePipeline",
                "dependsOn": [
                    {
                        "activity": "PL_GRM4_DIM_GRUPPO_MERCI",
                        "dependencyConditions": [
                            "Succeeded"
                        ]
                    }
                ],
                "policy": {
                    "secureInput": false
                },
                "userProperties": [],
                "typeProperties": {
                    "pipeline": {
                        "referenceName": "PL_GRM4_DIM_GRUPPO_MERCI_DWA",
                        "type": "PipelineReference"
                    },
                    "waitOnCompletion": true,
                    "parameters": {
                        "SESSION_TAG": {
                            "value": "@pipeline().parameters.SESSION_TAG",
                            "type": "Expression"
                        }
                    }
                }
            },
            {
                "name": "PL_GRM4_DIM_COMPANY",
                "type": "ExecutePipeline",
                "dependsOn": [
                    {
                        "activity": "PL_GRM4_DIM_GRUPPO_MERCI_DWA",
                        "dependencyConditions": [
                            "Succeeded"
                        ]
                    }
                ],
                "policy": {
                    "secureInput": false
                },
                "userProperties": [],
                "typeProperties": {
                    "pipeline": {
                        "referenceName": "PL_GRM4_DIM_COMPANY",
                        "type": "PipelineReference"
                    },
                    "waitOnCompletion": true,
                    "parameters": {
                        "SESSION_TAG": {
                            "value": "@pipeline().parameters.SESSION_TAG",
                            "type": "Expression"
                        },
                        "ANNO": {
                            "value": "@pipeline().parameters.ANNO",
                            "type": "Expression"
                        }
                    }
                }
            },
            {
                "name": "PL_GRM4_DIM_COMPANY_DWA",
                "type": "ExecutePipeline",
                "dependsOn": [
                    {
                        "activity": "PL_GRM4_DIM_COMPANY",
                        "dependencyConditions": [
                            "Succeeded"
                        ]
                    }
                ],
                "policy": {
                    "secureInput": false
                },
                "userProperties": [],
                "typeProperties": {
                    "pipeline": {
                        "referenceName": "PL_GRM4_DIM_COMPANY_DWA",
                        "type": "PipelineReference"
                    },
                    "waitOnCompletion": true,
                    "parameters": {
                        "SESSION_TAG": {
                            "value": "@pipeline().parameters.SESSION_TAG",
                            "type": "Expression"
                        }
                    }
                }
            },
            {
                "name": "PL_GRM4_ODS_TASSI_CAMBIO",
                "type": "ExecutePipeline",
                "dependsOn": [
                    {
                        "activity": "PL_GRM4_DIM_FORNITORI_DWA_copy1",
                        "dependencyConditions": [
                            "Succeeded"
                        ]
                    }
                ],
                "policy": {
                    "secureInput": false
                },
                "userProperties": [],
                "typeProperties": {
                    "pipeline": {
                        "referenceName": "PL_GRM4_ODS_TASSI_CAMBIO",
                        "type": "PipelineReference"
                    },
                    "waitOnCompletion": true,
                    "parameters": {
                        "ANNO": {
                            "value": "@pipeline().parameters.ANNO",
                            "type": "Expression"
                        },
                        "DATA_VALIDITA_DA": {
                            "value": "@pipeline().parameters.DATA_VALIDITA_DA",
                            "type": "Expression"
                        },
                        "DATA_VALIDITA_A": {
                            "value": "@pipeline().parameters.DATA_VALIDITA_A",
                            "type": "Expression"
                        }
                    }
                }
            },
            {
                "name": "PL_GRM4_WT_TASSI_CAMBIO",
                "type": "ExecutePipeline",
                "dependsOn": [
                    {
                        "activity": "PL_GRM4_ODS_TASSI_CAMBIO",
                        "dependencyConditions": [
                            "Succeeded"
                        ]
                    }
                ],
                "policy": {
                    "secureInput": false
                },
                "userProperties": [],
                "typeProperties": {
                    "pipeline": {
                        "referenceName": "PL_GRM4_WT_TASSI_CAMBIO",
                        "type": "PipelineReference"
                    },
                    "waitOnCompletion": true,
                    "parameters": {
                        "SESSION_TAG": {
                            "value": "@pipeline().parameters.SESSION_TAG",
                            "type": "Expression"
                        },
                        "DATA_VALIDITA_DA": {
                            "value": "@pipeline().parameters.DATA_VALIDITA_DA",
                            "type": "Expression"
                        },
                        "DATA_VALIDITA_A": {
                            "value": "@pipeline().parameters.DATA_VALIDITA_A",
                            "type": "Expression"
                        }
                    }
                }
            },
            {
                "name": "PL_GRM4_WT_TASSI_CAMBIO_FULL",
                "type": "ExecutePipeline",
                "dependsOn": [
                    {
                        "activity": "PL_GRM4_WT_TASSI_CAMBIO",
                        "dependencyConditions": [
                            "Succeeded"
                        ]
                    }
                ],
                "policy": {
                    "secureInput": false
                },
                "userProperties": [],
                "typeProperties": {
                    "pipeline": {
                        "referenceName": "PL_GRM4_WT_TASSI_CAMBIO_FULL",
                        "type": "PipelineReference"
                    },
                    "waitOnCompletion": true
                }
            },
            {
                "name": "PL_GRM4_ODS_F_KPI",
                "type": "ExecutePipeline",
                "dependsOn": [
                    {
                        "activity": "PL_GRM4_WT_TASSI_CAMBIO_FULL",
                        "dependencyConditions": [
                            "Succeeded"
                        ]
                    }
                ],
                "policy": {
                    "secureInput": false
                },
                "userProperties": [],
                "typeProperties": {
                    "pipeline": {
                        "referenceName": "PL_GRM4_ODS_F_KPI",
                        "type": "PipelineReference"
                    },
                    "waitOnCompletion": true,
                    "parameters": {
                        "ANNO": {
                            "value": "@pipeline().parameters.ANNO",
                            "type": "Expression"
                        },
                        "DATA_VALIDITA_DA": {
                            "value": "@pipeline().parameters.DATA_VALIDITA_DA",
                            "type": "Expression"
                        },
                        "DATA_VALIDITA_A": {
                            "value": "@pipeline().parameters.DATA_VALIDITA_A",
                            "type": "Expression"
                        }
                    }
                }
            },
            {
                "name": "PL_GRM4_F_KPI_DWA",
                "type": "ExecutePipeline",
                "dependsOn": [
                    {
                        "activity": "PL_GRM4_ODS_F_KPI",
                        "dependencyConditions": [
                            "Succeeded"
                        ]
                    }
                ],
                "policy": {
                    "secureInput": false
                },
                "userProperties": [],
                "typeProperties": {
                    "pipeline": {
                        "referenceName": "PL_GRM4_F_KPI_DWA",
                        "type": "PipelineReference"
                    },
                    "waitOnCompletion": true,
                    "parameters": {
                        "SESSION_TAG": {
                            "value": "@pipeline().parameters.SESSION_TAG",
                            "type": "Expression"
                        },
                        "DATA_VALIDITA_DA": {
                            "value": "@pipeline().parameters.DATA_VALIDITA_DA",
                            "type": "Expression"
                        },
                        "DATA_VALIDITA_A": {
                            "value": "@pipeline().parameters.DATA_VALIDITA_A",
                            "type": "Expression"
                        }
                    }
                }
            },
            {
                "name": "PL_GRM4_DIM_FORNITORI_copy1",
                "type": "ExecutePipeline",
                "dependsOn": [
                    {
                        "activity": "PL_GRM4_DIM_COMPANY_DWA",
                        "dependencyConditions": [
                            "Succeeded"
                        ]
                    }
                ],
                "policy": {
                    "secureInput": false
                },
                "userProperties": [],
                "typeProperties": {
                    "pipeline": {
                        "referenceName": "PL_GRM4_DIM_FORNITORI_copy1",
                        "type": "PipelineReference"
                    },
                    "waitOnCompletion": true,
                    "parameters": {
                        "ANNO": {
                            "value": "@pipeline().parameters.ANNO",
                            "type": "Expression"
                        },
                        "SESSION_TAG": {
                            "value": "@pipeline().parameters.SESSION_TAG",
                            "type": "Expression"
                        }
                    }
                }
            },
            {
                "name": "PL_GRM4_WT_DIM_FORNITORI_DWA_copy1",
                "type": "ExecutePipeline",
                "dependsOn": [
                    {
                        "activity": "PL_GRM4_DIM_GROUP_LEADER_DWA",
                        "dependencyConditions": [
                            "Succeeded"
                        ]
                    }
                ],
                "policy": {
                    "secureInput": false
                },
                "userProperties": [],
                "typeProperties": {
                    "pipeline": {
                        "referenceName": "PL_GRM4_WT_DIM_FORNITORI_DWA_copy1",
                        "type": "PipelineReference"
                    },
                    "waitOnCompletion": true,
                    "parameters": {
                        "SESSION_TAG": {
                            "value": "@pipeline().parameters.SESSION_TAG",
                            "type": "Expression"
                        }
                    }
                }
            },
            {
                "name": "PL_GRM4_DIM_FORNITORI_DWA_copy1",
                "type": "ExecutePipeline",
                "dependsOn": [
                    {
                        "activity": "PL_GRM4_WT_DIM_FORNITORI_DWA_copy1",
                        "dependencyConditions": [
                            "Succeeded"
                        ]
                    }
                ],
                "policy": {
                    "secureInput": false
                },
                "userProperties": [],
                "typeProperties": {
                    "pipeline": {
                        "referenceName": "PL_GRM4_DIM_FORNITORI_DWA_copy1",
                        "type": "PipelineReference"
                    },
                    "waitOnCompletion": true,
                    "parameters": {
                        "DATA_VALIDITA_DA": {
                            "value": "@pipeline().parameters.DATA_VALIDITA_DA",
                            "type": "Expression"
                        },
                        "DATA_VALIDITA_A": {
                            "value": "@pipeline().parameters.DATA_VALIDITA_A",
                            "type": "Expression"
                        }
                    }
                }
            },
            {
                "name": "PL_GRM4_ODS_BRIDGE_FORNITORI",
                "type": "ExecutePipeline",
                "dependsOn": [
                    {
                        "activity": "PL_GRM4_F_KPI_DWA",
                        "dependencyConditions": [
                            "Succeeded"
                        ]
                    }
                ],
                "policy": {
                    "secureInput": false
                },
                "userProperties": [],
                "typeProperties": {
                    "pipeline": {
                        "referenceName": "PL_GRM4_ODS_BRIDGE_FORNITORI",
                        "type": "PipelineReference"
                    },
                    "waitOnCompletion": true,
                    "parameters": {
                        "ANNO": {
                            "value": "@pipeline().parameters.ANNO",
                            "type": "Expression"
                        },
                        "SESSION_TAG": {
                            "value": "@pipeline().parameters.SESSION_TAG",
                            "type": "Expression"
                        }
                    }
                }
            },
            {
                "name": "PL_GRM4_ODS_ECOVADIS",
                "type": "ExecutePipeline",
                "dependsOn": [
                    {
                        "activity": "PL_GRM4_ODS_BRIDGE_FORNITORI",
                        "dependencyConditions": [
                            "Succeeded"
                        ]
                    }
                ],
                "policy": {
                    "secureInput": false
                },
                "userProperties": [],
                "typeProperties": {
                    "pipeline": {
                        "referenceName": "PL_GRM4_ODS_ECOVADIS",
                        "type": "PipelineReference"
                    },
                    "waitOnCompletion": true,
                    "parameters": {
                        "ANNO": {
                            "value": "@pipeline().parameters.ANNO",
                            "type": "Expression"
                        },
                        "DATA_VALIDITA_DA": {
                            "value": "@pipeline().parameters.DATA_VALIDITA_DA",
                            "type": "Expression"
                        },
                        "DATA_VALIDITA_A": {
                            "value": "@pipeline().parameters.DATA_VALIDITA_A",
                            "type": "Expression"
                        }
                    }
                }
            },
            {
                "name": "PL_GRM4_WT_ECOVADIS",
                "type": "ExecutePipeline",
                "dependsOn": [
                    {
                        "activity": "PL_GRM4_ODS_ECOVADIS",
                        "dependencyConditions": [
                            "Succeeded"
                        ]
                    }
                ],
                "policy": {
                    "secureInput": false
                },
                "userProperties": [],
                "typeProperties": {
                    "pipeline": {
                        "referenceName": "PL_GRM4_WT_ECOVADIS",
                        "type": "PipelineReference"
                    },
                    "waitOnCompletion": true,
                    "parameters": {
                        "DATA_VALIDITA_DA": {
                            "value": "@pipeline().parameters.DATA_VALIDITA_DA",
                            "type": "Expression"
                        },
                        "DATA_VALIDITA_A": {
                            "value": "@pipeline().parameters.DATA_VALIDITA_A",
                            "type": "Expression"
                        },
                        "SESSION_TAG": {
                            "value": "@pipeline().parameters.SESSION_TAG",
                            "type": "Expression"
                        },
                        "ANNO": {
                            "value": "@pipeline().parameters.ANNO",
                            "type": "Expression"
                        }
                    }
                }
            },
            {
                "name": "PL_GRM4_WT_ECOVADIS_FULL",
                "type": "ExecutePipeline",
                "dependsOn": [
                    {
                        "activity": "PL_GRM4_WT_ECOVADIS",
                        "dependencyConditions": [
                            "Succeeded"
                        ]
                    }
                ],
                "policy": {
                    "secureInput": false
                },
                "userProperties": [],
                "typeProperties": {
                    "pipeline": {
                        "referenceName": "PL_GRM4_WT_ECOVADIS_FULL",
                        "type": "PipelineReference"
                    },
                    "waitOnCompletion": true,
                    "parameters": {
                        "ANNO": {
                            "value": "@pipeline().parameters.ANNO",
                            "type": "Expression"
                        }
                    }
                }
            },
            {
                "name": "PL_GRM4_ODS_SRC_TRAINING",
                "type": "ExecutePipeline",
                "dependsOn": [
                    {
                        "activity": "PL_GRM4_WT_ECOVADIS_FULL",
                        "dependencyConditions": [
                            "Succeeded"
                        ]
                    }
                ],
                "policy": {
                    "secureInput": false
                },
                "userProperties": [],
                "typeProperties": {
                    "pipeline": {
                        "referenceName": "PL_GRM4_ODS_SRC_TRAINING",
                        "type": "PipelineReference"
                    },
                    "waitOnCompletion": true,
                    "parameters": {
                        "ANNO": {
                            "value": "@pipeline().parameters.ANNO",
                            "type": "Expression"
                        }
                    }
                }
            },
            {
                "name": "PL_GRM4_TRAINING_DWA",
                "type": "ExecutePipeline",
                "dependsOn": [
                    {
                        "activity": "PL_GRM4_ODS_SRC_TRAINING",
                        "dependencyConditions": [
                            "Succeeded"
                        ]
                    }
                ],
                "policy": {
                    "secureInput": false
                },
                "userProperties": [],
                "typeProperties": {
                    "pipeline": {
                        "referenceName": "PL_GRM4_TRAINING_DWA",
                        "type": "PipelineReference"
                    },
                    "waitOnCompletion": true,
                    "parameters": {
                        "SESSION_TAG": {
                            "value": "@pipeline().parameters.SESSION_TAG",
                            "type": "Expression"
                        },
                        "ANNO": {
                            "value": "@pipeline().parameters.ANNO",
                            "type": "Expression"
                        }
                    }
                }
            },
            {
                "name": "PL_GRM4_T_TRAINING_DWA",
                "type": "ExecutePipeline",
                "dependsOn": [
                    {
                        "activity": "PL_GRM4_TRAINING_DWA",
                        "dependencyConditions": [
                            "Succeeded"
                        ]
                    }
                ],
                "policy": {
                    "secureInput": false
                },
                "userProperties": [],
                "typeProperties": {
                    "pipeline": {
                        "referenceName": "PL_GRM4_T_TRAINING_DWA",
                        "type": "PipelineReference"
                    },
                    "waitOnCompletion": true,
                    "parameters": {
                        "SESSION_TAG": {
                            "value": "@pipeline().parameters.SESSION_TAG",
                            "type": "Expression"
                        }
                    }
                }
            },
            {
                "name": "PL_GRM4_DIM_GROUP_LEADER_DWA",
                "type": "ExecutePipeline",
                "dependsOn": [
                    {
                        "activity": "PL_GRM4_DIM_FORNITORI_copy1",
                        "dependencyConditions": [
                            "Succeeded"
                        ]
                    }
                ],
                "policy": {
                    "secureInput": false
                },
                "userProperties": [],
                "typeProperties": {
                    "pipeline": {
                        "referenceName": "PL_GRM4_DIM_GROUP_LEADER_DWA",
                        "type": "PipelineReference"
                    },
                    "waitOnCompletion": true,
                    "parameters": {
                        "SESSION_TAG": {
                            "value": "@pipeline().parameters.SESSION_TAG",
                            "type": "Expression"
                        }
                    }
                }
            },
            {
                "name": "PL_GRM4_F_KPI_DWE",
                "type": "ExecutePipeline",
                "dependsOn": [
                    {
                        "activity": "PL_GRM4_T_TRAINING_DWA",
                        "dependencyConditions": [
                            "Succeeded"
                        ]
                    }
                ],
                "policy": {
                    "secureInput": false
                },
                "userProperties": [],
                "typeProperties": {
                    "pipeline": {
                        "referenceName": "PL_GRM4_F_KPI_DWE",
                        "type": "PipelineReference"
                    },
                    "waitOnCompletion": true,
                    "parameters": {
                        "DATA_VALIDITA_DA": {
                            "value": "@pipeline().parameters.DATA_VALIDITA_DA",
                            "type": "Expression"
                        },
                        "DATA_VALIDITA_A": {
                            "value": "@pipeline().parameters.DATA_VALIDITA_A",
                            "type": "Expression"
                        },
                        "SESSION_TAG": {
                            "value": "@pipeline().parameters.SESSION_TAG",
                            "type": "Expression"
                        },
                        "ANNO": {
                            "value": "@pipeline().parameters.ANNO",
                            "type": "Expression"
                        }
                    }
                }
            }
        ],
        "parameters": {
            "SESSION_TAG": {
                "type": "int"
            },
            "ANNO": {
                "type": "int"
            },
            "DATA_VALIDITA_DA": {
                "type": "int"
            },
            "DATA_VALIDITA_A": {
                "type": "int"
            }
        },
        "folder": {
            "name": "CAPSTONE_PRJ/GRM4"
        },
        "annotations": [],
        "lastPublishTime": "2024-04-02T13:27:38Z"
    },
    "type": "Microsoft.DataFactory/factories/pipelines"
}