{
    "now": "2024-04-06T15:21:13.075Z",
    "perfNow": 2594391.5,
    "diagnosticCorrelation": "aad856fd-cbd0-452a-89ee-9eaf0b6abecb",
    "source": "DownloadSupportFiles",
    "environment": {
        "productName": "adf",
        "buildVersion": "1.0.032924.8",
        "environmentType": 3,
        "resourceName": "iconsultingacademy-df",
        "resourceRegion": "northeurope",
        "resourceGroup": "academy-datafactory-rg",
        "subscriptionId": "3fd5c598-3cc9-4488-9b4c-db3cacf7f585",
        "sessionId": "X4aPXQhZTLbBcFMqQoLrhf",
        "operationId": "",
        "gitType": "live",
        "loggingKey": "b72b9983-e59a-47e7-9851-ae6b2215a3f5"
    },
    "additionalInfo": {
        "selectedResource": "PL_GRM4_F_KPI_DWE",
        "selectedResourceType": "pipeline"
    }
}