{
    "name": "DF_GRM4_WT_TASSI_CAMBIO_FULL",
    "properties": {
        "folder": {
            "name": "CapstonePRJ/GRM4"
        },
        "type": "MappingDataFlow",
        "typeProperties": {
            "sources": [
                {
                    "dataset": {
                        "referenceName": "GRM4_WT_ODS_TASSI_CAMBIO_FULL",
                        "type": "DatasetReference"
                    },
                    "name": "source1"
                },
                {
                    "dataset": {
                        "referenceName": "GRM4_DT_ODS_SRC_TASSI_CAMBIO_NEW",
                        "type": "DatasetReference"
                    },
                    "name": "PERIODCODCURRENCYCOD"
                }
            ],
            "sinks": [
                {
                    "dataset": {
                        "referenceName": "DT_GRM4_WT_TASSI_CAMBIO2",
                        "type": "DatasetReference"
                    },
                    "name": "sink1"
                }
            ],
            "transformations": [
                {
                    "name": "select1"
                },
                {
                    "name": "PERIODCOD"
                },
                {
                    "name": "CURRENCYCOD"
                },
                {
                    "name": "select2"
                },
                {
                    "name": "select3"
                },
                {
                    "name": "join1"
                },
                {
                    "name": "join2"
                },
                {
                    "name": "select4"
                },
                {
                    "name": "window1"
                }
            ],
            "scriptLines": [
                "source(output(",
                "          CURRENCY_COD as string,",
                "          PERIOD_COD as integer,",
                "          EXCHANGE_RATE as double,",
                "          KEY_TASSI_CAMBIO as string,",
                "          SESSION_TAG as string",
                "     ),",
                "     allowSchemaDrift: true,",
                "     validateSchema: false,",
                "     ignoreNoFilesFound: false,",
                "     format: 'parquet') ~> source1",
                "source(output(",
                "          CURRENCY_COD as string,",
                "          PERIOD_COD as integer,",
                "          EXCHANGE_RATE as double,",
                "          SESSION_TAG as string",
                "     ),",
                "     allowSchemaDrift: true,",
                "     validateSchema: false,",
                "     ignoreNoFilesFound: false,",
                "     format: 'parquet') ~> PERIODCODCURRENCYCOD",
                "source1 select(mapColumn(",
                "          CURRENCY_COD,",
                "          PERIOD_COD,",
                "          EXCHANGE_RATE,",
                "          KEY_TASSI_CAMBIO,",
                "          SESSION_TAG",
                "     ),",
                "     skipDuplicateMapInputs: true,",
                "     skipDuplicateMapOutputs: true) ~> select1",
                "PERIODCODCURRENCYCOD aggregate(groupBy(PERIOD_COD),",
                "     each(match(name!='PERIOD_COD'), $$ = first($$))) ~> PERIODCOD",
                "PERIODCODCURRENCYCOD aggregate(groupBy(CURRENCY_COD),",
                "     each(match(name!='CURRENCY_COD'), $$ = first($$))) ~> CURRENCYCOD",
                "PERIODCOD select(mapColumn(",
                "          PERIOD_COD",
                "     ),",
                "     skipDuplicateMapInputs: true,",
                "     skipDuplicateMapOutputs: true) ~> select2",
                "CURRENCYCOD select(mapColumn(",
                "          CURRENCY_COD",
                "     ),",
                "     skipDuplicateMapInputs: true,",
                "     skipDuplicateMapOutputs: true) ~> select3",
                "select3, select2 join(true(),",
                "     joinType:'cross',",
                "     matchType:'exact',",
                "     ignoreSpaces: false,",
                "     broadcast: 'auto')~> join1",
                "join1, select1 join(select3@CURRENCY_COD == select1@CURRENCY_COD",
                "     && select2@PERIOD_COD == select1@PERIOD_COD,",
                "     joinType:'left',",
                "     matchType:'exact',",
                "     ignoreSpaces: false,",
                "     broadcast: 'auto')~> join2",
                "join2 select(mapColumn(",
                "          CURRENCY_COD = select3@CURRENCY_COD,",
                "          PERIOD_COD = select2@PERIOD_COD,",
                "          CURRENCY_COD = select1@CURRENCY_COD,",
                "          PERIOD_COD = select1@PERIOD_COD,",
                "          EXCHANGE_RATE,",
                "          SESSION_TAG",
                "     ),",
                "     skipDuplicateMapInputs: true,",
                "     skipDuplicateMapOutputs: true) ~> select4",
                "select4 window(over(CURRENCY_COD),",
                "     asc(PERIOD_COD, false),",
                "     EXCHANGE_RATE = iif(isNull(EXCHANGE_RATE),lag(EXCHANGE_RATE), EXCHANGE_RATE),",
                "          SESSION_TAG = iif(isNull(SESSION_TAG),lag(SESSION_TAG), SESSION_TAG)) ~> window1",
                "window1 sink(allowSchemaDrift: true,",
                "     validateSchema: false,",
                "     input(",
                "          CURRENCY_COD as string,",
                "          PERIOD_COD as double,",
                "          KEY_TASSI_CAMBIO as string,",
                "          EXCHANGE_RATE as double,",
                "          SESSION_TAG as string",
                "     ),",
                "     format: 'parquet',",
                "     truncate: true,",
                "     umask: 0022,",
                "     preCommands: [],",
                "     postCommands: [],",
                "     skipDuplicateMapInputs: true,",
                "     skipDuplicateMapOutputs: true) ~> sink1"
            ]
        }
    }
}